time_s,phase,target,object_type,layout_seed,label,perception_label,policy_mode,vision_confidence,policy_confidence,wrist_x,wrist_y,wrist_z,finger_command,closed_loop_tactile_servo_active,slip_recovery_mm,load_hold_ratio,touch_sum,touch_fingers_active,red_cube_x,red_cube_y,red_cube_z,blue_cylinder_x,blue_cylinder_y,blue_cylinder_z,amber_capsule_x,amber_capsule_y,amber_capsule_z
0.0,vision_classify_and_align,red_cube,cube,7,red_part_to_lower_bin,red_part_to_lower_bin,behavior_cloned_tactile_policy,0.78,0.72,-0.04,0.0,0.34,0.05,0,0.0,1.0,0.0,0,-0.3555,-0.1657,0.052,-0.3501,0.1701,0.052,-0.1272,0.0134,0.052
0.1667,vision_classify_and_align,red_cube,cube,7,red_part_to_lower_bin,red_part_to_lower_bin,behavior_cloned_tactile_policy,0.7823,0.72,-0.04079,-0.00041,0.33991,0.05,0,0.0,1.0,0.0,0,-0.3555,-0.1657,0.052,-0.3501,0.1701,0.052,-0.1272,0.0134,0.052
0.3333,vision_classify_and_align,red_cube,cube,7,red_part_to_lower_bin,red_part_to_lower_bin,behavior_cloned_tactile_policy,0.7888,0.72,-0.04568,-0.00298,0.33937,0.05,0,0.0,1.0,0.0,0,-0.3555,-0.1657,0.052,-0.3501,0.1701,0.052,-0.1272,0.0134,0.052
0.5,vision_classify_and_align,red_cube,cube,7,red_part_to_lower_bin,red_part_to_lower_bin,behavior_cloned_tactile_policy,0.7989,0.72,-0.05716,-0.00901,0.3381,0.05,0,0.0,1.0,0.0,0,-0.3555,-0.1657,0.052,-0.3501,0.1701,0.052,-0.1272,0.0134,0.052
0.6667,vision_classify_and_align,red_cube,cube,7,red_part_to_lower_bin,red_part_to_lower_bin,behavior_cloned_tactile_policy,0.8119,0.72,-0.07622,-0.01902,0.33598,0.05,0,0.0,1.0,0.0,0,-0.3555,-0.1657,0.052,-0.3501,0.1701,0.052,-0.1272,0.0134,0.052
0.8333,vision_classify_and_align,red_cube,cube,7,red_part_to_lower_bin,red_part_to_lower_bin,behavior_cloned_tactile_policy,0.8273,0.72,-0.10261,-0.03288,0.33305,0.05,0,0.0,1.0,0.0,0,-0.3555,-0.1657,0.052,-0.3501,0.1701,0.052,-0.1272,0.0134,0.052
1.0,vision_classify_and_align,red_cube,cube,7,red_part_to_lower_bin,red_part_to_lower_bin,behavior_cloned_tactile_policy,0.8443,0.72,-0.13508,-0.04994,0.32945,0.05,0,0.0,1.0,0.0,0,-0.3555,-0.1657,0.052,-0.3501,0.1701,0.052,-0.1272,0.0134,0.052
1.1667,vision_classify_and_align,red_cube,cube,7,red_part_to_lower_bin,red_part_to_lower_bin,behavior_cloned_tactile_policy,0.8624,0.72,-0.1717,-0.06917,0.32539,0.05,0,0.0,1.0,0.0,0,-0.3555,-0.1657,0.052,-0.3501,0.1701,0.052,-0.1272,0.0134,0.052
1.3333,vision_classify_and_align,red_cube,cube,7,red_part_to_lower_bin,red_part_to_lower_bin,behavior_cloned_tactile_policy,0.8809,0.72,-0.21006,-0.08932,0.32113,0.05,0,0.0,1.0,0.0,0,-0.3555,-0.1657,0.052,-0.3501,0.1701,0.052,-0.1272,0.0134,0.052
1.5,vision_classify_and_align,red_cube,cube,7,red_part_to_lower_bin,red_part_to_lower_bin,behavior_cloned_tactile_policy,0.8993,0.72,-0.2476,-0.10903,0.31697,0.05,0,0.0,1.0,0.0,0,-0.3555,-0.1657,0.052,-0.3501,0.1701,0.052,-0.1272,0.0134,0.052
1.6667,vision_classify_and_align,red_cube,cube,7,red_part_to_lower_bin,red_part_to_lower_bin,behavior_cloned_tactile_policy,0.9167,0.72,-0.28181,-0.127,0.31317,0.05,0,0.0,1.0,0.0,0,-0.3555,-0.1657,0.052,-0.3501,0.1701,0.052,-0.1272,0.0134,0.052
1.8333,vision_classify_and_align,red_cube,cube,7,red_part_to_lower_bin,red_part_to_lower_bin,behavior_cloned_tactile_policy,0.9328,0.72,-0.31058,-0.14211,0.30998,0.05,0,0.0,1.0,0.0,0,-0.3555,-0.1657,0.052,-0.3501,0.1701,0.052,-0.1272,0.0134,0.052
2.0,vision_classify_and_align,red_cube,cube,7,red_part_to_lower_bin,red_part_to_lower_bin,behavior_cloned_tactile_policy,0.9467,0.72,-0.33236,-0.15355,0.30757,0.05,0,0.0,1.0,0.0,0,-0.3555,-0.1657,0.052,-0.3501,0.1701,0.052,-0.1272,0.0134,0.052
2.1667,vision_classify_and_align,red_cube,cube,7,red_part_to_lower_bin,red_part_to_lower_bin,behavior_cloned_tactile_policy,0.9579,0.72,-0.34653,-0.16099,0.30599,0.05,0,0.0,1.0,0.0,0,-0.3555,-0.1657,0.052,-0.3501,0.1701,0.052,-0.1272,0.0134,0.052
2.3333,vision_classify_and_align,red_cube,cube,7,red_part_to_lower_bin,red_part_to_lower_bin,behavior_cloned_tactile_policy,0.9658,0.72,-0.35359,-0.1647,0.30521,0.05,0,0.0,1.0,0.0,0,-0.3555,-0.1657,0.052,-0.3501,0.1701,0.052,-0.1272,0.0134,0.052
2.5,vision_classify_and_align,red_cube,cube,7,red_part_to_lower_bin,red_part_to_lower_bin,behavior_cloned_tactile_policy,0.9697,0.72,-0.35546,-0.16568,0.305,0.05,0,0.0,1.0,0.0,0,-0.3555,-0.1657,0.052,-0.3501,0.1701,0.052,-0.1272,0.0134,0.052
2.6667,behavior_cloned_descend,red_cube,cube,7,red_part_to_lower_bin,red_part_to_lower_bin,behavior_cloned_tactile_policy,0.97,0.72,-0.3555,-0.1657,0.30478,0.05,0,0.0,1.0,0.0,0,-0.3555,-0.1657,0.052,-0.3501,0.1701,0.052,-0.1272,0.0134,0.052
2.8333,behavior_cloned_descend,red_cube,cube,7,red_part_to_lower_bin,red_part_to_lower_bin,behavior_cloned_tactile_policy,0.97,0.72,-0.3555,-0.1657,0.30178,0.05,0,0.0,1.0,0.0,0,-0.3555,-0.1657,0.052,-0.3501,0.1701,0.052,-0.1272,0.0134,0.052
3.0,behavior_cloned_descend,red_cube,cube,7,red_part_to_lower_bin,red_part_to_lower_bin,behavior_cloned_tactile_policy,0.97,0.72,-0.3555,-0.1657,0.29325,0.05,0,0.0,1.0,0.0,0,-0.3555,-0.1657,0.052,-0.3501,0.1701,0.052,-0.1272,0.0134,0.052
3.1667,behavior_cloned_descend,red_cube,cube,7,red_part_to_lower_bin,red_part_to_lower_bin,behavior_cloned_tactile_policy,0.97,0.72,-0.3555,-0.1657,0.27825,0.05,0,0.0,1.0,0.0,0,-0.3555,-0.1657,0.052,-0.3501,0.1701,0.052,-0.1272,0.0134,0.052
3.3333,behavior_cloned_descend,red_cube,cube,7,red_part_to_lower_bin,red_part_to_lower_bin,behavior_cloned_tactile_policy,0.97,0.72,-0.3555,-0.1657,0.25734,0.05,0,0.0,1.0,0.0,0,-0.3555,-0.1657,0.052,-0.3501,0.1701,0.052,-0.1272,0.0134,0.052
3.5,behavior_cloned_descend,red_cube,cube,7,red_part_to_lower_bin,red_part_to_lower_bin,behavior_cloned_tactile_policy,0.97,0.72,-0.3555,-0.1657,0.23212,0.05,0,0.0,1.0,0.0,0,-0.3555,-0.1657,0.052,-0.3501,0.1701,0.052,-0.1272,0.0134,0.052
3.6667,behavior_cloned_descend,red_cube,cube,7,red_part_to_lower_bin,red_part_to_lower_bin,behavior_cloned_tactile_policy,0.97,0.72,-0.3555,-0.1657,0.20493,0.05,0,0.0,1.0,0.0,0,-0.3555,-0.1657,0.052,-0.3501,0.1701,0.052,-0.1272,0.0134,0.052
3.8333,behavior_cloned_descend,red_cube,cube,7,red_part_to_lower_bin,red_part_to_lower_bin,behavior_cloned_tactile_policy,0.97,0.72,-0.3555,-0.1657,0.17837,0.05,0,0.0,1.0,0.0,0,-0.3555,-0.1657,0.052,-0.3501,0.1701,0.052,-0.1272,0.0134,0.052
4.0,behavior_cloned_descend,red_cube,cube,7,red_part_to_lower_bin,red_part_to_lower_bin,behavior_cloned_tactile_policy,0.97,0.72,-0.3555,-0.1657,0.15497,0.05,0,0.0,1.0,0.0,0,-0.3555,-0.1657,0.052,-0.3501,0.1701,0.052,-0.1272,0.0134,0.052
4.1667,behavior_cloned_descend,red_cube,cube,7,red_part_to_lower_bin,red_part_to_lower_bin,behavior_cloned_tactile_policy,0.97,0.72,-0.3555,-0.1657,0.13675,0.05,0,0.0,1.0,0.0,0,-0.3555,-0.1657,0.052,-0.3501,0.1701,0.052,-0.1272,0.0134,0.052
4.3333,behavior_cloned_descend,red_cube,cube,7,red_part_to_lower_bin,red_part_to_lower_bin,behavior_cloned_tactile_policy,0.97,0.72,-0.3555,-0.1657,0.12487,0.05,0,0.0,1.0,0.0,0,-0.3555,-0.1657,0.052,-0.3501,0.1701,0.052,-0.1272,0.0134,0.052
4.5,behavior_cloned_descend,red_cube,cube,7,red_part_to_lower_bin,red_part_to_lower_bin,behavior_cloned_tactile_policy,0.97,0.72,-0.3555,-0.1657,0.11921,0.05,0,0.0,1.0,0.0,0,-0.3555,-0.1657,0.052,-0.3501,0.1701,0.052,-0.1272,0.0134,0.052
4.6667,behavior_cloned_descend,red_cube,cube,7,red_part_to_lower_bin,red_part_to_lower_bin,behavior_cloned_tactile_policy,0.97,0.72,-0.3555,-0.1657,0.118,0.05,0,0.0,1.0,0.0,0,-0.3555,-0.1657,0.052,-0.3501,0.1701,0.052,-0.1272,0.0134,0.052
4.8333,five_finger_tactile_closure,red_cube,cube,7,red_part_to_lower_bin,red_part_to_lower_bin,behavior_cloned_tactile_policy,0.97,0.7212,-0.3555,-0.1657,0.118,0.05202,0,0.0,1.1,0.0,0,-0.3555,-0.1657,0.052,-0.3501,0.1701,0.052,-0.1272,0.0134,0.052
5.0,five_finger_tactile_closure,red_cube,cube,7,red_part_to_lower_bin,red_part_to_lower_bin,behavior_cloned_tactile_policy,0.97,0.7257,-0.3555,-0.1657,0.118,0.0687,0,0.0,1.45,0.0,0,-0.3555,-0.1657,0.052,-0.3501,0.1701,0.052,-0.1272,0.0134,0.052
5.1667,five_finger_tactile_closure,red_cube,cube,7,red_part_to_lower_bin,red_part_to_lower_bin,behavior_cloned_tactile_policy,0.97,0.7331,-0.3555,-0.1657,0.118,0.11012,0,0.0,2.01,0.0,0,-0.3555,-0.1657,0.052,-0.3501,0.1701,0.052,-0.1272,0.0134,0.052
5.3333,five_finger_tactile_closure,red_cube,cube,7,red_part_to_lower_bin,red_part_to_lower_bin,behavior_cloned_tactile_policy,0.97,0.7431,-0.3555,-0.1657,0.118,0.17883,0,0.0,2.73,0.0,0,-0.3555,-0.1657,0.052,-0.3501,0.1701,0.052,-0.1272,0.0134,0.052
5.5,five_finger_tactile_closure,red_cube,cube,7,red_part_to_lower_bin,red_part_to_lower_bin,behavior_cloned_tactile_policy,0.97,0.7553,-0.3555,-0.1657,0.118,0.2715,0,0.0,3.57,112.87179,5,-0.3555,-0.1657,0.052,-0.3501,0.1701,0.052,-0.1272,0.0134,0.052
5.6667,five_finger_tactile_closure,red_cube,cube,7,red_part_to_lower_bin,red_part_to_lower_bin,behavior_cloned_tactile_policy,0.97,0.7694,-0.3555,-0.1657,0.118,0.38053,0,0.0,4.48,331.37813,5,-0.3555,-0.1657,0.052,-0.3501,0.1701,0.052,-0.1272,0.0134,0.052
5.8333,five_finger_tactile_closure,red_cube,cube,7,red_part_to_lower_bin,red_part_to_lower_bin,behavior_cloned_tactile_policy,0.97,0.785,-0.3555,-0.1657,0.118,0.49576,0,0.0,5.41,570.85326,5,-0.3555,-0.1657,0.052,-0.3501,0.1701,0.052,-0.1272,0.0134,0.052
6.0,five_finger_tactile_closure,red_cube,cube,7,red_part_to_lower_bin,red_part_to_lower_bin,behavior_cloned_tactile_policy,0.97,0.8019,-0.3555,-0.1657,0.118,0.6061,1,0.0,9.0,802.34421,5,-0.3555,-0.1657,0.062,-0.3501,0.1701,0.052,-0.1272,0.0134,0.052
6.1667,five_finger_tactile_closure,red_cube,cube,7,red_part_to_lower_bin,red_part_to_lower_bin,behavior_cloned_tactile_policy,0.97,0.8195,-0.3555,-0.1657,0.118,0.7012,1,0.0,9.0,1002.70418,5,-0.3555,-0.1657,0.062,-0.3501,0.1701,0.052,-0.1272,0.0134,0.052
6.3333,five_finger_tactile_closure,red_cube,cube,7,red_part_to_lower_bin,red_part_to_lower_bin,behavior_cloned_tactile_policy,0.97,0.8377,-0.3555,-0.1657,0.118,0.77306,1,0.0,9.0,1154.53383,5,-0.3555,-0.1657,0.062,-0.3501,0.1701,0.052,-0.1272,0.0134,0.052
6.5,five_finger_tactile_closure,red_cube,cube,7,red_part_to_lower_bin,red_part_to_lower_bin,behavior_cloned_tactile_policy,0.97,0.856,-0.3555,-0.1657,0.118,0.81775,1,0.0,9.0,1249.0771,5,-0.3555,-0.1657,0.062,-0.3501,0.1701,0.052,-0.1272,0.0134,0.052
6.6667,five_finger_tactile_closure,red_cube,cube,7,red_part_to_lower_bin,red_part_to_lower_bin,behavior_cloned_tactile_policy,0.97,0.8741,-0.3555,-0.1657,0.118,0.83703,1,0.0,9.0,1289.82512,5,-0.3555,-0.1657,0.062,-0.3501,0.1701,0.052,-0.1272,0.0134,0.052
6.8333,slip_recovery_lift,red_cube,cube,7,red_part_to_lower_bin,red_part_to_lower_bin,behavior_cloned_tactile_policy,0.97,0.8916,-0.3555,-0.1657,0.118,0.84,1,0.0,9.0,1296.00517,5,-0.3555,-0.1657,0.062,-0.3501,0.1701,0.052,-0.1272,0.0134,0.052
7.0,slip_recovery_lift,red_cube,cube,7,red_part_to_lower_bin,red_part_to_lower_bin,behavior_cloned_tactile_policy,0.97,0.9082,-0.3555,-0.1657,0.11823,0.84,1,0.0067,9.0,1295.89674,5,-0.3555,-0.1657,0.062,-0.3501,0.1701,0.052,-0.1272,0.0134,0.052
7.1667,slip_recovery_lift,red_cube,cube,7,red_part_to_lower_bin,red_part_to_lower_bin,behavior_cloned_tactile_policy,0.97,0.9236,-0.3555,-0.1657,0.11958,0.84,1,0.0245,9.0,1311.81189,5,-0.3555,-0.1657,0.062,-0.3501,0.1701,0.052,-0.1272,0.0134,0.052
7.3333,slip_recovery_lift,red_cube,cube,7,red_part_to_lower_bin,red_part_to_lower_bin,behavior_cloned_tactile_policy,0.97,0.9373,-0.3555,-0.1657,0.12284,0.84,1,0.0513,9.0,1297.99786,5,-0.3555,-0.1657,0.062,-0.3501,0.1701,0.052,-0.1272,0.0134,0.052
7.5,slip_recovery_lift,red_cube,cube,7,red_part_to_lower_bin,red_part_to_lower_bin,behavior_cloned_tactile_policy,0.97,0.9491,-0.3555,-0.1657,0.12844,0.84,1,0.085,9.0,1297.1646,5,-0.3555,-0.1657,0.062,-0.3501,0.1701,0.052,-0.1272,0.0134,0.052
7.6667,slip_recovery_lift,red_cube,cube,7,red_part_to_lower_bin,red_part_to_lower_bin,behavior_cloned_tactile_policy,0.97,0.9586,-0.3555,-0.1657,0.1366,0.84,1,0.1235,9.0,1295.53101,5,-0.3555,-0.1657,0.062,-0.3501,0.1701,0.052,-0.1272,0.0134,0.052
7.8333,slip_recovery_lift,red_cube,cube,7,red_part_to_lower_bin,red_part_to_lower_bin,behavior_cloned_tactile_policy,0.97,0.9654,-0.3555,-0.1657,0.14725,0.84,1,0.1648,9.0,1295.45294,5,-0.3555,-0.1657,0.062,-0.3501,0.1701,0.052,-0.1272,0.0134,0.052
8.0,slip_recovery_lift,red_cube,cube,7,red_part_to_lower_bin,red_part_to_lower_bin,behavior_cloned_tactile_policy,0.97,0.9693,-0.3555,-0.1657,0.16018,0.84,1,0.2069,9.0,1295.37338,5,-0.3555,-0.1657,0.062,-0.3501,0.1701,0.052,-0.1272,0.0134,0.052
8.1667,slip_recovery_lift,red_cube,cube,7,red_part_to_lower_bin,red_part_to_lower_bin,behavior_cloned_tactile_policy,0.97,0.97,-0.3555,-0.1657,0.17498,0.84,1,0.2477,9.0,1295.29292,5,-0.3555,-0.1657,0.062,-0.3501,0.1701,0.052,-0.1272,0.0134,0.052
8.3333,slip_recovery_lift,red_cube,cube,7,red_part_to_lower_bin,red_part_to_lower_bin,behavior_cloned_tactile_policy,0.97,0.97,-0.3555,-0.1657,0.19114,0.84,1,0.2851,9.0,1295.21377,5,-0.3555,-0.1657,0.07614,-0.3501,0.1701,0.052,-0.1272,0.0134,0.052
8.5,slip_recovery_lift,red_cube,cube,7,red_part_to_lower_bin,red_part_to_lower_bin,behavior_cloned_tactile_policy,0.97,0.97,-0.3555,-0.1657,0.20808,0.84,1,0.317,9.0,1295.13635,5,-0.3555,-0.1657,0.09308,-0.3501,0.1701,0.052,-0.1272,0.0134,0.052
8.6667,slip_recovery_lift,red_cube,cube,7,red_part_to_lower_bin,red_part_to_lower_bin,behavior_cloned_tactile_policy,0.97,0.97,-0.3555,-0.1657,0.22514,0.84,1,0.3415,9.0,1295.0605,5,-0.3555,-0.1657,0.11014,-0.3501,0.1701,0.052,-0.1272,0.0134,0.052
8.8333,slip_recovery_lift,red_cube,cube,7,red_part_to_lower_bin,red_part_to_lower_bin,behavior_cloned_tactile_policy,0.97,0.97,-0.3555,-0.1657,0.24169,0.84,1,0.3563,9.0,1294.98606,5,-0.3555,-0.1657,0.12669,-0.3501,0.1701,0.052,-0.1272,0.0134,0.052
9.0,slip_recovery_lift,red_cube,cube,7,red_part_to_lower_bin,red_part_to_lower_bin,behavior_cloned_tactile_policy,0.97,0.97,-0.3555,-0.1657,0.2571,0.84,1,0.36,9.0,1294.91293,5,-0.3555,-0.1657,0.1421,-0.3501,0.1701,0.052,-0.1272,0.0134,0.052
9.1667,slip_recovery_lift,red_cube,cube,7,red_part_to_lower_bin,red_part_to_lower_bin,behavior_cloned_tactile_policy,0.97,0.97,-0.3555,-0.1657,0.27083,0.84,1,0.36,9.0,1294.8411,5,-0.3555,-0.1657,0.15583,-0.3501,0.1701,0.052,-0.1272,0.0134,0.052
9.3333,slip_recovery_lift,red_cube,cube,7,red_part_to_lower_bin,red_part_to_lower_bin,behavior_cloned_tactile_policy,0.97,0.97,-0.3555,-0.1657,0.28243,0.84,1,0.36,9.0,1294.77064,5,-0.3555,-0.1657,0.16743,-0.3501,0.1701,0.052,-0.1272,0.0134,0.052
9.5,slip_recovery_lift,red_cube,cube,7,red_part_to_lower_bin,red_part_to_lower_bin,behavior_cloned_tactile_policy,0.97,0.97,-0.3555,-0.1657,0.2916,0.84,1,0.36,9.0,1294.70167,5,-0.3555,-0.1657,0.1766,-0.3501,0.1701,0.052,-0.1272,0.0134,0.052
9.6667,slip_recovery_lift,red_cube,cube,7,red_part_to_lower_bin,red_part_to_lower_bin,behavior_cloned_tactile_policy,0.97,0.97,-0.3555,-0.1657,0.29822,0.84,1,0.36,9.0,1294.63442,5,-0.3555,-0.1657,0.18322,-0.3501,0.1701,0.052,-0.1272,0.0134,0.052
9.8333,slip_recovery_lift,red_cube,cube,7,red_part_to_lower_bin,red_part_to_lower_bin,behavior_cloned_tactile_policy,0.97,0.97,-0.3555,-0.1657,0.30238,0.84,1,0.36,9.0,1294.56918,5,-0.3555,-0.1657,0.18738,-0.3501,0.1701,0.052,-0.1272,0.0134,0.052
10.0,slip_recovery_lift,red_cube,cube,7,red_part_to_lower_bin,red_part_to_lower_bin,behavior_cloned_tactile_policy,0.97,0.97,-0.3555,-0.1657,0.30442,0.84,1,0.36,9.0,1294.50632,5,-0.3555,-0.1657,0.18942,-0.3501,0.1701,0.052,-0.1272,0.0134,0.052
10.1667,slip_recovery_lift,red_cube,cube,7,red_part_to_lower_bin,red_part_to_lower_bin,behavior_cloned_tactile_policy,0.97,0.97,-0.3555,-0.1657,0.30498,0.84,1,0.36,9.0,1294.4463,5,-0.3555,-0.1657,0.18998,-0.3501,0.1701,0.052,-0.1272,0.0134,0.052
10.3333,minimum_jerk_transport,red_cube,cube,7,red_part_to_lower_bin,red_part_to_lower_bin,behavior_cloned_tactile_policy,0.97,0.97,-0.35545,-0.1657,0.305,0.84,1,0.36,9.0,1294.38846,5,-0.35545,-0.1657,0.19,-0.3501,0.1701,0.052,-0.1272,0.0134,0.052
10.5,minimum_jerk_transport,red_cube,cube,7,red_part_to_lower_bin,red_part_to_lower_bin,behavior_cloned_tactile_policy,0.97,0.97,-0.35456,-0.16578,0.30502,0.84,1,0.36,9.0,1294.31248,5,-0.35456,-0.16578,0.19002,-0.3501,0.1701,0.052,-0.1272,0.0134,0.052
10.6667,minimum_jerk_transport,red_cube,cube,7,red_part_to_lower_bin,red_part_to_lower_bin,behavior_cloned_tactile_policy,0.97,0.97,-0.35155,-0.16603,0.30508,0.84,1,0.36,9.0,1294.18539,5,-0.35155,-0.16603,0.19008,-0.3501,0.1701,0.052,-0.1272,0.0134,0.052
10.8333,minimum_jerk_transport,red_cube,cube,7,red_part_to_lower_bin,red_part_to_lower_bin,behavior_cloned_tactile_policy,0.97,0.97,-0.34543,-0.16653,0.30519,0.84,1,0.36,9.0,1293.98234,5,-0.34543,-0.16653,0.19019,-0.3501,0.1701,0.052,-0.1272,0.0134,0.052
11.0,minimum_jerk_transport,red_cube,cube,7,red_part_to_lower_bin,red_part_to_lower_bin,behavior_cloned_tactile_policy,0.97,0.97,-0.33545,-0.16736,0.30539,0.84,1,0.36,9.0,1293.68658,5,-0.33545,-0.16736,0.19039,-0.3501,0.1701,0.052,-0.1272,0.0134,0.052
11.1667,minimum_jerk_transport,red_cube,cube,7,red_part_to_lower_bin,red_part_to_lower_bin,behavior_cloned_tactile_policy,0.97,0.97,-0.3211,-0.16855,0.30567,0.84,1,0.36,9.0,1293.28843,5,-0.3211,-0.16855,0.19067,-0.3501,0.1701,0.052,-0.1272,0.0134,0.052
11.3333,minimum_jerk_transport,red_cube,cube,7,red_part_to_lower_bin,red_part_to_lower_bin,behavior_cloned_tactile_policy,0.97,0.97,-0.30211,-0.17013,0.30603,0.84,1,0.36,9.0,1292.78901,5,-0.30211,-0.17013,0.19103,-0.3501,0.1701,0.052,-0.1272,0.0134,0.052
11.5,minimum_jerk_transport,red_cube,cube,7,red_part_to_lower_bin,red_part_to_lower_bin,behavior_cloned_tactile_policy,0.97,0.97,-0.27839,-0.17209,0.30649,0.84,1,0.36,9.0,1292.18074,5,-0.27839,-0.17209,0.19149,-0.3501,0.1701,0.052,-0.1272,0.0134,0.052
11.6667,minimum_jerk_transport,red_cube,cube,7,red_part_to_lower_bin,red_part_to_lower_bin,behavior_cloned_tactile_policy,0.97,0.97,-0.25003,-0.17444,0.30704,0.84,1,0.36,9.0,1291.47506,5,-0.25003,-0.17444,0.19204,-0.3501,0.1701,0.052,-0.1272,0.0134,0.052
11.8333,minimum_jerk_transport,red_cube,cube,7,red_part_to_lower_bin,red_part_to_lower_bin,behavior_cloned_tactile_policy,0.97,0.97,-0.2173,-0.17716,0.30767,0.84,1,0.36,9.0,1290.68257,5,-0.2173,-0.17716,0.19267,-0.3501,0.1701,0.052,-0.1272,0.0134,0.052
12.0,minimum_jerk_transport,red_cube,cube,7,red_part_to_lower_bin,red_part_to_lower_bin,behavior_cloned_tactile_policy,0.97,0.97,-0.18059,-0.1802,0.30838,0.84,1,0.36,9.0,1289.81715,5,-0.18059,-0.1802,0.19338,-0.3501,0.1701,0.052,-0.1272,0.0134,0.052
12.1667,minimum_jerk_transport,red_cube,cube,7,red_part_to_lower_bin,red_part_to_lower_bin,behavior_cloned_tactile_policy,0.97,0.97,-0.14041,-0.18353,0.30916,0.84,1,0.36,9.0,1288.89531,5,-0.14041,-0.18353,0.19416,-0.3501,0.1701,0.052,-0.1272,0.0134,0.052
12.3333,minimum_jerk_transport,red_cube,cube,7,red_part_to_lower_bin,red_part_to_lower_bin,behavior_cloned_tactile_policy,0.97,0.97,-0.09737,-0.1871,0.30999,0.84,1,0.36,9.0,1287.93545,5,-0.09737,-0.1871,0.19499,-0.3501,0.1701,0.052,-0.1272,0.0134,0.052
12.5,minimum_jerk_transport,red_cube,cube,7,red_part_to_lower_bin,red_part_to_lower_bin,behavior_cloned_tactile_policy,0.97,0.97,-0.05217,-0.19085,0.31087,0.84,1,0.36,9.0,1286.9573,5,-0.05217,-0.19085,0.19587,-0.3501,0.1701,0.052,-0.1272,0.0134,0.052
12.6667,minimum_jerk_transport,red_cube,cube,7,red_part_to_lower_bin,red_part_to_lower_bin,behavior_cloned_tactile_policy,0.97,0.97,-0.00555,-0.19472,0.31177,0.84,1,0.36,9.0,1285.98125,5,-0.00555,-0.19472,0.19677,-0.3501,0.1701,0.052,-0.1272,0.0134,0.052
12.8333,minimum_jerk_transport,red_cube,cube,7,red_part_to_lower_bin,red_part_to_lower_bin,behavior_cloned_tactile_policy,0.97,0.97,0.04172,-0.19863,0.31268,0.84,1,0.36,9.0,1285.02777,5,0.04172,-0.19863,0.19768,-0.3501,0.1701,0.052,-0.1272,0.0134,0.052
13.0,minimum_jerk_transport,red_cube,cube,7,red_part_to_lower_bin,red_part_to_lower_bin,behavior_cloned_tactile_policy,0.97,0.97,0.08882,-0.20254,0.31359,0.84,1,0.36,9.0,1284.11688,5,0.08882,-0.20254,0.19859,-0.3501,0.1701,0.052,-0.1272,0.0134,0.052
13.1667,minimum_jerk_transport,red_cube,cube,7,red_part_to_lower_bin,red_part_to_lower_bin,behavior_cloned_tactile_policy,0.97,0.97,0.13497,-0.20637,0.31449,0.84,1,0.36,9.0,1283.26758,5,0.13497,-0.20637,0.19949,-0.3501,0.1701,0.052,-0.1272,0.0134,0.052
13.3333,minimum_jerk_transport,red_cube,cube,7,red_part_to_lower_bin,red_part_to_lower_bin,behavior_cloned_tactile_policy,0.97,0.97,0.17939,-0.21005,0.31535,0.84,1,0.36,9.0,1282.49738,5,0.17939,-0.21005,0.20035,-0.3501,0.1701,0.052,-0.1272,0.0134,0.052
13.5,minimum_jerk_transport,red_cube,cube,7,red_part_to_lower_bin,red_part_to_lower_bin,behavior_cloned_tactile_policy,0.97,0.97,0.22136,-0.21353,0.31616,0.84,1,0.36,9.0,1281.8218,5,0.22136,-0.21353,0.20116,-0.3501,0.1701,0.052,-0.1272,0.0134,0.052
13.6667,minimum_jerk_transport,red_cube,cube,7,red_part_to_lower_bin,red_part_to_lower_bin,behavior_cloned_tactile_policy,0.97,0.97,0.26022,-0.21675,0.31691,0.84,1,0.36,9.0,1281.25397,5,0.26022,-0.21675,0.20191,-0.3501,0.1701,0.052,-0.1272,0.0134,0.052
13.8333,minimum_jerk_transport,red_cube,cube,7,red_part_to_lower_bin,red_part_to_lower_bin,behavior_cloned_tactile_policy,0.97,0.97,0.2954,-0.21967,0.31759,0.84,1,0.36,9.0,1280.80419,5,0.2954,-0.21967,0.20259,-0.3501,0.1701,0.052,-0.1272,0.0134,0.052
14.0,minimum_jerk_transport,red_cube,cube,7,red_part_to_lower_bin,red_part_to_lower_bin,behavior_cloned_tactile_policy,0.97,0.97,0.32642,-0.22224,0.31819,0.84,1,0.36,9.0,1280.47955,5,0.32642,-0.22224,0.20319,-0.3501,0.1701,0.052,-0.1272,0.0134,0.052
14.1667,minimum_jerk_transport,red_cube,cube,7,red_part_to_lower_bin,red_part_to_lower_bin,behavior_cloned_tactile_policy,0.97,0.97,0.35294,-0.22444,0.3187,0.84,1,0.3588,9.0,1280.28356,5,0.35294,-0.22444,0.2037,-0.3501,0.1701,0.052,-0.1272,0.0134,0.052
14.3333,minimum_jerk_transport,red_cube,cube,7,red_part_to_lower_bin,red_part_to_lower_bin,behavior_cloned_tactile_policy,0.97,0.97,0.37477,-0.22625,0.31913,0.84,1,0.3501,9.0,1280.21578,5,0.37477,-0.22625,0.20413,-0.3501,0.1701,0.052,-0.1272,0.0134,0.052
14.5,minimum_jerk_transport,red_cube,cube,7,red_part_to_lower_bin,red_part_to_lower_bin,behavior_cloned_tactile_policy,0.97,0.97,0.39189,-0.22767,0.31946,0.84,1,0.3341,9.0,1280.27153,5,0.39189,-0.22767,0.20446,-0.3501,0.1701,0.052,-0.1272,0.0134,0.052
14.6667,minimum_jerk_transport,red_cube,cube,7,red_part_to_lower_bin,red_part_to_lower_bin,behavior_cloned_tactile_policy,0.97,0.97,0.40444,-0.22871,0.3197,0.84,1,0.3119,9.0,1280.44154,5,0.40444,-0.22871,0.2047,-0.3501,0.1701,0.052,-0.1272,0.0134,0.052
14.8333,minimum_jerk_transport,red_cube,cube,7,red_part_to_lower_bin,red_part_to_lower_bin,behavior_cloned_tactile_policy,0.97,0.97,0.41281,-0.2294,0.31986,0.84,1,0.2848,9.0,1280.71164,5,0.41281,-0.2294,0.20486,-0.3501,0.1701,0.052,-0.1272,0.0134,0.052
15.0,minimum_jerk_transport,red_cube,cube,7,red_part_to_lower_bin,red_part_to_lower_bin,behavior_cloned_tactile_policy,0.97,0.97,0.41758,-0.2298,0.31995,0.84,1,0.2539,9.0,1281.06245,5,0.41758,-0.2298,0.20495,-0.3501,0.1701,0.052,-0.1272,0.0134,0.052
15.1667,minimum_jerk_transport,red_cube,cube,7,red_part_to_lower_bin,red_part_to_lower_bin,behavior_cloned_tactile_policy,0.97,0.97,0.41961,-0.22997,0.31999,0.84,1,0.2205,9.0,1281.46909,5,0.41961,-0.22997,0.20499,-0.3501,0.1701,0.052,-0.1272,0.0134,0.052
15.3333,minimum_jerk_transport,red_cube,cube,7,red_part_to_lower_bin,red_part_to_lower_bin,behavior_cloned_tactile_policy,0.97,0.97,0.42,-0.23,0.32,0.84,1,0.1856,9.0,1281.90085,5,0.42,-0.23,0.205,-0.3501,0.1701,0.052,-0.1272,0.0134,0.052
15.5,place_into_bin,red_cube,cube,7,red_part_to_lower_bin,red_part_to_lower_bin,behavior_cloned_tactile_policy,0.97,0.97,0.42,-0.23,0.31971,0.84,1,0.1506,9.0,1282.32524,5,0.42,-0.23,0.20471,-0.3501,0.1701,0.052,-0.1272,0.0134,0.052
15.6667,place_into_bin,red_cube,cube,7,red_part_to_lower_bin,red_part_to_lower_bin,behavior_cloned_tactile_policy,0.97,0.97,0.42,-0.23,0.31722,0.84,1,0.1166,9.0,1282.73182,5,0.42,-0.23,0.20222,-0.3501,0.1701,0.052,-0.1272,0.0134,0.052
15.8333,place_into_bin,red_cube,cube,7,red_part_to_lower_bin,red_part_to_lower_bin,behavior_cloned_tactile_policy,0.97,0.97,0.42,-0.23,0.31084,0.84,1,0.0847,9.0,1283.11792,5,0.42,-0.23,0.19584,-0.3501,0.1701,0.052,-0.1272,0.0134,0.052
16.0,place_into_bin,red_cube,cube,7,red_part_to_lower_bin,red_part_to_lower_bin,behavior_cloned_tactile_policy,0.97,0.97,0.42,-0.23,0.29981,0.84,1,0.0563,9.0,1283.48535,5,0.42,-0.23,0.18481,-0.3501,0.1701,0.052,-0.1272,0.0134,0.052
16.1667,place_into_bin,red_cube,cube,7,red_part_to_lower_bin,red_part_to_lower_bin,behavior_cloned_tactile_policy,0.97,0.97,0.42,-0.23,0.28419,0.84,1,0.0324,9.0,1283.8365,5,0.42,-0.23,0.16919,-0.3501,0.1701,0.052,-0.1272,0.0134,0.052
16.3333,place_into_bin,red_cube,cube,7,red_part_to_lower_bin,red_part_to_lower_bin,behavior_cloned_tactile_policy,0.97,0.97,0.42,-0.23,0.26465,0.84,1,0.0143,9.0,1284.17388,5,0.42,-0.23,0.14965,-0.3501,0.1701,0.052,-0.1272,0.0134,0.052
16.5,place_into_bin,red_cube,cube,7,red_part_to_lower_bin,red_part_to_lower_bin,behavior_cloned_tactile_policy,0.97,0.97,0.42,-0.23,0.24234,0.84,1,0.0031,9.0,1284.49814,5,0.42,-0.23,0.12734,-0.3501,0.1701,0.052,-0.1272,0.0134,0.052
16.6667,place_into_bin,red_cube,cube,7,red_part_to_lower_bin,red_part_to_lower_bin,behavior_cloned_tactile_policy,0.97,0.97,0.42,-0.23,0.21869,0.84,1,0.0,9.0,1284.8113,5,0.42,-0.23,0.10369,-0.3501,0.1701,0.052,-0.1272,0.0134,0.052
16.8333,place_into_bin,red_cube,cube,7,red_part_to_lower_bin,red_part_to_lower_bin,behavior_cloned_tactile_policy,0.97,0.97,0.42,-0.23,0.1953,0.84,1,0.0,9.0,1285.11468,5,0.42,-0.23,0.0803,-0.3501,0.1701,0.052,-0.1272,0.0134,0.052
17.0,place_into_bin,red_cube,cube,7,red_part_to_lower_bin,red_part_to_lower_bin,behavior_cloned_tactile_policy,0.97,0.97,0.42,-0.23,0.17373,0.84,1,0.0,9.0,1285.40915,5,0.42,-0.23,0.062,-0.3501,0.1701,0.052,-0.1272,0.0134,0.052
17.1667,place_into_bin,red_cube,cube,7,red_part_to_lower_bin,red_part_to_lower_bin,behavior_cloned_tactile_policy,0.97,0.97,0.42,-0.23,0.15534,0.84,1,0.0,9.0,1285.69519,5,0.42,-0.23,0.062,-0.3501,0.1701,0.052,-0.1272,0.0134,0.052
17.3333,place_into_bin,red_cube,cube,7,red_part_to_lower_bin,red_part_to_lower_bin,behavior_cloned_tactile_policy,0.97,0.97,0.42,-0.23,0.14114,0.84,1,0.0,9.0,1285.97296,5,0.42,-0.23,0.062,-0.3501,0.1701,0.052,-0.1272,0.0134,0.052
17.5,place_into_bin,red_cube,cube,7,red_part_to_lower_bin,red_part_to_lower_bin,behavior_cloned_tactile_policy,0.97,0.97,0.42,-0.23,0.13163,0.84,1,0.0,9.0,1286.24227,5,0.42,-0.23,0.062,-0.3501,0.1701,0.052,-0.1272,0.0134,0.052
17.6667,place_into_bin,red_cube,cube,7,red_part_to_lower_bin,red_part_to_lower_bin,behavior_cloned_tactile_policy,0.97,0.97,0.42,-0.23,0.12662,0.84,1,0.0,9.0,1286.50258,5,0.42,-0.23,0.062,-0.3501,0.1701,0.052,-0.1272,0.0134,0.052
17.8333,place_into_bin,red_cube,cube,7,red_part_to_lower_bin,red_part_to_lower_bin,behavior_cloned_tactile_policy,0.97,0.97,0.42,-0.23,0.12507,0.84,1,0.0,9.0,1286.75301,5,0.42,-0.23,0.062,-0.3501,0.1701,0.052,-0.1272,0.0134,0.052
18.0,release_and_verify,red_cube,cube,7,red_part_to_lower_bin,red_part_to_lower_bin,behavior_cloned_tactile_policy,0.97,0.97,0.42,-0.23,0.125,0.83923,1,0.0,9.0,1285.36515,5,0.42,-0.23,0.062,-0.3501,0.1701,0.052,-0.1272,0.0134,0.052
18.1667,release_and_verify,red_cube,cube,7,red_part_to_lower_bin,red_part_to_lower_bin,behavior_cloned_tactile_policy,0.97,0.97,0.42,-0.23,0.125,0.82078,1,0.0,9.0,1246.47122,5,0.42,-0.23,0.062,-0.3501,0.1701,0.052,-0.1272,0.0134,0.052
18.3333,release_and_verify,red_cube,cube,7,red_part_to_lower_bin,red_part_to_lower_bin,behavior_cloned_tactile_policy,0.97,0.97,0.42,-0.23,0.125,0.76364,1,0.0,9.0,1125.66435,5,0.42,-0.23,0.062,-0.3501,0.1701,0.052,-0.1272,0.0134,0.052
18.5,release_and_verify,red_cube,cube,7,red_part_to_lower_bin,red_part_to_lower_bin,behavior_cloned_tactile_policy,0.97,0.97,0.42,-0.23,0.125,0.66431,1,0.0,9.0,915.94655,5,0.42,-0.23,0.062,-0.3501,0.1701,0.052,-0.1272,0.0134,0.052
18.6667,release_and_verify,red_cube,cube,7,red_part_to_lower_bin,red_part_to_lower_bin,behavior_cloned_tactile_policy,0.97,0.97,0.42,-0.23,0.125,0.53278,1,0.0,9.0,639.88406,5,0.42,-0.23,0.062,-0.3501,0.1701,0.052,-0.1272,0.0134,0.052
18.8333,release_and_verify,red_cube,cube,7,red_part_to_lower_bin,red_part_to_lower_bin,behavior_cloned_tactile_policy,0.97,0.97,0.42,-0.23,0.125,0.38744,0,0.0,9.0,339.61003,5,0.42,-0.23,0.06291,-0.3501,0.1701,0.052,-0.1272,0.0134,0.052
19.0,release_and_verify,red_cube,cube,7,red_part_to_lower_bin,red_part_to_lower_bin,behavior_cloned_tactile_policy,0.97,0.97,0.42,-0.23,0.125,0.24995,0,0.0,9.0,61.58207,5,0.42,-0.23,0.058,-0.3501,0.1701,0.052,-0.1272,0.0134,0.052
19.1667,release_and_verify,red_cube,cube,7,red_part_to_lower_bin,red_part_to_lower_bin,behavior_cloned_tactile_policy,0.97,0.97,0.42,-0.23,0.125,0.14014,0,0.0,9.0,20.74195,1,0.42,-0.23,0.058,-0.3501,0.1701,0.052,-0.1272,0.0134,0.052
19.3333,release_and_verify,red_cube,cube,7,red_part_to_lower_bin,red_part_to_lower_bin,behavior_cloned_tactile_policy,0.97,0.97,0.42,-0.23,0.125,0.07087,0,0.0,9.0,30.90526,1,0.42,-0.23,0.058,-0.3501,0.1701,0.052,-0.1272,0.0134,0.052
19.5,release_and_verify,red_cube,cube,7,red_part_to_lower_bin,red_part_to_lower_bin,behavior_cloned_tactile_policy,0.97,0.97,0.42,-0.23,0.125,0.04292,0,0.0,9.0,28.41236,1,0.42,-0.23,0.058,-0.3501,0.1701,0.052,-0.1272,0.0134,0.052
19.6667,retreat_after_release,red_cube,cube,7,red_part_to_lower_bin,red_part_to_lower_bin,behavior_cloned_tactile_policy,0.97,0.97,0.42,-0.23,0.12502,0.04,0,0.0,9.0,22.50523,1,0.42,-0.23,0.058,-0.3501,0.1701,0.052,-0.1272,0.0134,0.052
19.8333,retreat_after_release,red_cube,cube,7,red_part_to_lower_bin,red_part_to_lower_bin,behavior_cloned_tactile_policy,0.97,0.97,0.42,-0.23,0.12786,0.04,0,0.0,9.0,0.0,0,0.42,-0.23,0.058,-0.3501,0.1701,0.052,-0.1272,0.0134,0.052
20.0,retreat_after_release,red_cube,cube,7,red_part_to_lower_bin,red_part_to_lower_bin,behavior_cloned_tactile_policy,0.97,0.97,0.42,-0.23,0.1393,0.04,0,0.0,9.0,0.0,0,0.42,-0.23,0.058,-0.3501,0.1701,0.052,-0.1272,0.0134,0.052
20.1667,retreat_after_release,red_cube,cube,7,red_part_to_lower_bin,red_part_to_lower_bin,behavior_cloned_tactile_policy,0.97,0.97,0.42,-0.23,0.16116,0.04,0,0.0,9.0,0.0,0,0.42,-0.23,0.058,-0.3501,0.1701,0.052,-0.1272,0.0134,0.052
20.3333,retreat_after_release,red_cube,cube,7,red_part_to_lower_bin,red_part_to_lower_bin,behavior_cloned_tactile_policy,0.97,0.97,0.42,-0.23,0.19169,0.04,0,0.0,9.0,0.0,0,0.42,-0.23,0.058,-0.3501,0.1701,0.052,-0.1272,0.0134,0.052
20.5,retreat_after_release,red_cube,cube,7,red_part_to_lower_bin,red_part_to_lower_bin,behavior_cloned_tactile_policy,0.97,0.97,0.42,-0.23,0.22678,0.04,0,0.0,9.0,0.0,0,0.42,-0.23,0.058,-0.3501,0.1701,0.052,-0.1272,0.0134,0.052
20.6667,retreat_after_release,red_cube,cube,7,red_part_to_lower_bin,red_part_to_lower_bin,behavior_cloned_tactile_policy,0.97,0.97,0.42,-0.23,0.26123,0.04,0,0.0,9.0,0.0,0,0.42,-0.23,0.058,-0.3501,0.1701,0.052,-0.1272,0.0134,0.052
20.8333,retreat_after_release,red_cube,cube,7,red_part_to_lower_bin,red_part_to_lower_bin,behavior_cloned_tactile_policy,0.97,0.97,0.42,-0.23,0.28999,0.04,0,0.0,9.0,0.0,0,0.42,-0.23,0.058,-0.3501,0.1701,0.052,-0.1272,0.0134,0.052
21.0,retreat_after_release,red_cube,cube,7,red_part_to_lower_bin,red_part_to_lower_bin,behavior_cloned_tactile_policy,0.97,0.97,0.42,-0.23,0.3094,0.04,0,0.0,9.0,0.0,0,0.42,-0.23,0.058,-0.3501,0.1701,0.052,-0.1272,0.0134,0.052
21.1667,retreat_after_release,red_cube,cube,7,red_part_to_lower_bin,red_part_to_lower_bin,behavior_cloned_tactile_policy,0.97,0.97,0.42,-0.23,0.31844,0.04,0,0.0,9.0,0.0,0,0.42,-0.23,0.058,-0.3501,0.1701,0.052,-0.1272,0.0134,0.052
21.3333,vision_classify_and_align,blue_cylinder,cylinder,7,blue_part_to_upper_bin,blue_part_to_upper_bin,behavior_cloned_tactile_policy,0.78,0.72,-0.04,0.0,0.34,0.05,0,0.0,1.0,0.0,0,0.42,-0.23,0.058,-0.3501,0.1701,0.052,-0.1272,0.0134,0.052
21.5,vision_classify_and_align,blue_cylinder,cylinder,7,blue_part_to_upper_bin,blue_part_to_upper_bin,behavior_cloned_tactile_policy,0.7823,0.72,-0.04077,0.00042,0.33991,0.05,0,0.0,1.0,0.0,0,0.42,-0.23,0.058,-0.3501,0.1701,0.052,-0.1272,0.0134,0.052
21.6667,vision_classify_and_align,blue_cylinder,cylinder,7,blue_part_to_upper_bin,blue_part_to_upper_bin,behavior_cloned_tactile_policy,0.7888,0.72,-0.04558,0.00306,0.33937,0.05,0,0.0,1.0,0.0,0,0.42,-0.23,0.058,-0.3501,0.1701,0.052,-0.1272,0.0134,0.052
21.8333,vision_classify_and_align,blue_cylinder,cylinder,7,blue_part_to_upper_bin,blue_part_to_upper_bin,behavior_cloned_tactile_policy,0.7989,0.72,-0.05686,0.00925,0.3381,0.05,0,0.0,1.0,0.0,0,0.42,-0.23,0.058,-0.3501,0.1701,0.052,-0.1272,0.0134,0.052
22.0,vision_classify_and_align,blue_cylinder,cylinder,7,blue_part_to_upper_bin,blue_part_to_upper_bin,behavior_cloned_tactile_policy,0.8119,0.72,-0.0756,0.01953,0.33598,0.05,0,0.0,1.0,0.0,0,0.42,-0.23,0.058,-0.3501,0.1701,0.052,-0.1272,0.0134,0.052
22.1667,vision_classify_and_align,blue_cylinder,cylinder,7,blue_part_to_upper_bin,blue_part_to_upper_bin,behavior_cloned_tactile_policy,0.8273,0.72,-0.10154,0.03375,0.33305,0.05,0,0.0,1.0,0.0,0,0.42,-0.23,0.058,-0.3501,0.1701,0.052,-0.1272,0.0134,0.052
22.3333,vision_classify_and_align,blue_cylinder,cylinder,7,blue_part_to_upper_bin,blue_part_to_upper_bin,behavior_cloned_tactile_policy,0.8443,0.72,-0.13345,0.05126,0.32945,0.05,0,0.0,1.0,0.0,0,0.42,-0.23,0.058,-0.3501,0.1701,0.052,-0.1272,0.0134,0.052
22.5,vision_classify_and_align,blue_cylinder,cylinder,7,blue_part_to_upper_bin,blue_part_to_upper_bin,behavior_cloned_tactile_policy,0.8624,0.72,-0.16944,0.071,0.32539,0.05,0,0.0,1.0,0.0,0,0.42,-0.23,0.058,-0.3501,0.1701,0.052,-0.1272,0.0134,0.052
22.6667,vision_classify_and_align,blue_cylinder,cylinder,7,blue_part_to_upper_bin,blue_part_to_upper_bin,behavior_cloned_tactile_policy,0.8809,0.72,-0.20715,0.09169,0.32113,0.05,0,0.0,1.0,0.0,0,0.42,-0.23,0.058,-0.3501,0.1701,0.052,-0.1272,0.0134,0.052
22.8333,vision_classify_and_align,blue_cylinder,cylinder,7,blue_part_to_upper_bin,blue_part_to_upper_bin,behavior_cloned_tactile_policy,0.8993,0.72,-0.24404,0.11192,0.31697,0.05,0,0.0,1.0,0.0,0,0.42,-0.23,0.058,-0.3501,0.1701,0.052,-0.1272,0.0134,0.052
23.0,vision_classify_and_align,blue_cylinder,cylinder,7,blue_part_to_upper_bin,blue_part_to_upper_bin,behavior_cloned_tactile_policy,0.9167,0.72,-0.27767,0.13037,0.31317,0.05,0,0.0,1.0,0.0,0,0.42,-0.23,0.058,-0.3501,0.1701,0.052,-0.1272,0.0134,0.052
23.1667,vision_classify_and_align,blue_cylinder,cylinder,7,blue_part_to_upper_bin,blue_part_to_upper_bin,behavior_cloned_tactile_policy,0.9328,0.72,-0.30595,0.14588,0.30998,0.05,0,0.0,1.0,0.0,0,0.42,-0.23,0.058,-0.3501,0.1701,0.052,-0.1272,0.0134,0.052
23.3333,vision_classify_and_align,blue_cylinder,cylinder,7,blue_part_to_upper_bin,blue_part_to_upper_bin,behavior_cloned_tactile_policy,0.9467,0.72,-0.32736,0.15763,0.30757,0.05,0,0.0,1.0,0.0,0,0.42,-0.23,0.058,-0.3501,0.1701,0.052,-0.1272,0.0134,0.052
23.5,vision_classify_and_align,blue_cylinder,cylinder,7,blue_part_to_upper_bin,blue_part_to_upper_bin,behavior_cloned_tactile_policy,0.9579,0.72,-0.34129,0.16526,0.30599,0.05,0,0.0,1.0,0.0,0,0.42,-0.23,0.058,-0.3501,0.1701,0.052,-0.1272,0.0134,0.052
23.6667,vision_classify_and_align,blue_cylinder,cylinder,7,blue_part_to_upper_bin,blue_part_to_upper_bin,behavior_cloned_tactile_policy,0.9658,0.72,-0.34822,0.16907,0.30521,0.05,0,0.0,1.0,0.0,0,0.42,-0.23,0.058,-0.3501,0.1701,0.052,-0.1272,0.0134,0.052
23.8333,vision_classify_and_align,blue_cylinder,cylinder,7,blue_part_to_upper_bin,blue_part_to_upper_bin,behavior_cloned_tactile_policy,0.9697,0.72,-0.35006,0.17008,0.305,0.05,0,0.0,1.0,0.0,0,0.42,-0.23,0.058,-0.3501,0.1701,0.052,-0.1272,0.0134,0.052
24.0,behavior_cloned_descend,blue_cylinder,cylinder,7,blue_part_to_upper_bin,blue_part_to_upper_bin,behavior_cloned_tactile_policy,0.97,0.72,-0.3501,0.1701,0.30478,0.05,0,0.0,1.0,0.0,0,0.42,-0.23,0.058,-0.3501,0.1701,0.052,-0.1272,0.0134,0.052
24.1667,behavior_cloned_descend,blue_cylinder,cylinder,7,blue_part_to_upper_bin,blue_part_to_upper_bin,behavior_cloned_tactile_policy,0.97,0.72,-0.3501,0.1701,0.30178,0.05,0,0.0,1.0,0.0,0,0.42,-0.23,0.058,-0.3501,0.1701,0.052,-0.1272,0.0134,0.052
24.3333,behavior_cloned_descend,blue_cylinder,cylinder,7,blue_part_to_upper_bin,blue_part_to_upper_bin,behavior_cloned_tactile_policy,0.97,0.72,-0.3501,0.1701,0.29325,0.05,0,0.0,1.0,0.0,0,0.42,-0.23,0.058,-0.3501,0.1701,0.052,-0.1272,0.0134,0.052
24.5,behavior_cloned_descend,blue_cylinder,cylinder,7,blue_part_to_upper_bin,blue_part_to_upper_bin,behavior_cloned_tactile_policy,0.97,0.72,-0.3501,0.1701,0.27825,0.05,0,0.0,1.0,0.0,0,0.42,-0.23,0.058,-0.3501,0.1701,0.052,-0.1272,0.0134,0.052
24.6667,behavior_cloned_descend,blue_cylinder,cylinder,7,blue_part_to_upper_bin,blue_part_to_upper_bin,behavior_cloned_tactile_policy,0.97,0.72,-0.3501,0.1701,0.25734,0.05,0,0.0,1.0,0.0,0,0.42,-0.23,0.058,-0.3501,0.1701,0.052,-0.1272,0.0134,0.052
24.8333,behavior_cloned_descend,blue_cylinder,cylinder,7,blue_part_to_upper_bin,blue_part_to_upper_bin,behavior_cloned_tactile_policy,0.97,0.72,-0.3501,0.1701,0.23212,0.05,0,0.0,1.0,0.0,0,0.42,-0.23,0.058,-0.3501,0.1701,0.052,-0.1272,0.0134,0.052
25.0,behavior_cloned_descend,blue_cylinder,cylinder,7,blue_part_to_upper_bin,blue_part_to_upper_bin,behavior_cloned_tactile_policy,0.97,0.72,-0.3501,0.1701,0.20493,0.05,0,0.0,1.0,0.0,0,0.42,-0.23,0.058,-0.3501,0.1701,0.052,-0.1272,0.0134,0.052
25.1667,behavior_cloned_descend,blue_cylinder,cylinder,7,blue_part_to_upper_bin,blue_part_to_upper_bin,behavior_cloned_tactile_policy,0.97,0.72,-0.3501,0.1701,0.17837,0.05,0,0.0,1.0,0.0,0,0.42,-0.23,0.058,-0.3501,0.1701,0.052,-0.1272,0.0134,0.052
25.3333,behavior_cloned_descend,blue_cylinder,cylinder,7,blue_part_to_upper_bin,blue_part_to_upper_bin,behavior_cloned_tactile_policy,0.97,0.72,-0.3501,0.1701,0.15497,0.05,0,0.0,1.0,0.0,0,0.42,-0.23,0.058,-0.3501,0.1701,0.052,-0.1272,0.0134,0.052
25.5,behavior_cloned_descend,blue_cylinder,cylinder,7,blue_part_to_upper_bin,blue_part_to_upper_bin,behavior_cloned_tactile_policy,0.97,0.72,-0.3501,0.1701,0.13675,0.05,0,0.0,1.0,0.0,0,0.42,-0.23,0.058,-0.3501,0.1701,0.052,-0.1272,0.0134,0.052
25.6667,behavior_cloned_descend,blue_cylinder,cylinder,7,blue_part_to_upper_bin,blue_part_to_upper_bin,behavior_cloned_tactile_policy,0.97,0.72,-0.3501,0.1701,0.12487,0.05,0,0.0,1.0,0.0,0,0.42,-0.23,0.058,-0.3501,0.1701,0.052,-0.1272,0.0134,0.052
25.8333,behavior_cloned_descend,blue_cylinder,cylinder,7,blue_part_to_upper_bin,blue_part_to_upper_bin,behavior_cloned_tactile_policy,0.97,0.72,-0.3501,0.1701,0.11921,0.05,0,0.0,1.0,0.0,0,0.42,-0.23,0.058,-0.3501,0.1701,0.052,-0.1272,0.0134,0.052
26.0,behavior_cloned_descend,blue_cylinder,cylinder,7,blue_part_to_upper_bin,blue_part_to_upper_bin,behavior_cloned_tactile_policy,0.97,0.72,-0.3501,0.1701,0.118,0.05,0,0.0,1.0,0.0,0,0.42,-0.23,0.058,-0.3501,0.1701,0.052,-0.1272,0.0134,0.052
26.1667,five_finger_tactile_closure,blue_cylinder,cylinder,7,blue_part_to_upper_bin,blue_part_to_upper_bin,behavior_cloned_tactile_policy,0.97,0.7212,-0.3501,0.1701,0.118,0.05202,0,0.0,1.1,0.0,0,0.42,-0.23,0.058,-0.3501,0.1701,0.052,-0.1272,0.0134,0.052
26.3333,five_finger_tactile_closure,blue_cylinder,cylinder,7,blue_part_to_upper_bin,blue_part_to_upper_bin,behavior_cloned_tactile_policy,0.97,0.7257,-0.3501,0.1701,0.118,0.0687,0,0.0,1.45,0.0,0,0.42,-0.23,0.058,-0.3501,0.1701,0.052,-0.1272,0.0134,0.052
26.5,five_finger_tactile_closure,blue_cylinder,cylinder,7,blue_part_to_upper_bin,blue_part_to_upper_bin,behavior_cloned_tactile_policy,0.97,0.7331,-0.3501,0.1701,0.118,0.11012,0,0.0,2.01,0.0,0,0.42,-0.23,0.058,-0.3501,0.1701,0.052,-0.1272,0.0134,0.052
26.6667,five_finger_tactile_closure,blue_cylinder,cylinder,7,blue_part_to_upper_bin,blue_part_to_upper_bin,behavior_cloned_tactile_policy,0.97,0.7431,-0.3501,0.1701,0.118,0.17883,0,0.0,2.73,0.0,0,0.42,-0.23,0.058,-0.3501,0.1701,0.052,-0.1272,0.0134,0.052
26.8333,five_finger_tactile_closure,blue_cylinder,cylinder,7,blue_part_to_upper_bin,blue_part_to_upper_bin,behavior_cloned_tactile_policy,0.97,0.7553,-0.3501,0.1701,0.118,0.2715,0,0.0,3.57,113.26418,5,0.42,-0.23,0.058,-0.3501,0.1701,0.052,-0.1272,0.0134,0.052
27.0,five_finger_tactile_closure,blue_cylinder,cylinder,7,blue_part_to_upper_bin,blue_part_to_upper_bin,behavior_cloned_tactile_policy,0.97,0.7694,-0.3501,0.1701,0.118,0.38053,0,0.0,4.48,332.18713,5,0.42,-0.23,0.058,-0.3501,0.1701,0.052,-0.1272,0.0134,0.052
27.1667,five_finger_tactile_closure,blue_cylinder,cylinder,7,blue_part_to_upper_bin,blue_part_to_upper_bin,behavior_cloned_tactile_policy,0.97,0.785,-0.3501,0.1701,0.118,0.49576,0,0.0,5.41,571.40667,5,0.42,-0.23,0.058,-0.3501,0.1701,0.052,-0.1272,0.0134,0.052
27.3333,five_finger_tactile_closure,blue_cylinder,cylinder,7,blue_part_to_upper_bin,blue_part_to_upper_bin,behavior_cloned_tactile_policy,0.97,0.8019,-0.3501,0.1701,0.118,0.6061,1,0.0,9.0,802.90292,5,0.42,-0.23,0.058,-0.3501,0.1701,0.056,-0.1272,0.0134,0.052
27.5,five_finger_tactile_closure,blue_cylinder,cylinder,7,blue_part_to_upper_bin,blue_part_to_upper_bin,behavior_cloned_tactile_policy,0.97,0.8195,-0.3501,0.1701,0.118,0.7012,1,0.0,9.0,1003.26829,5,0.42,-0.23,0.058,-0.3501,0.1701,0.056,-0.1272,0.0134,0.052
27.6667,five_finger_tactile_closure,blue_cylinder,cylinder,7,blue_part_to_upper_bin,blue_part_to_upper_bin,behavior_cloned_tactile_policy,0.97,0.8377,-0.3501,0.1701,0.118,0.77306,1,0.0,9.0,1155.097,5,0.42,-0.23,0.058,-0.3501,0.1701,0.056,-0.1272,0.0134,0.052
27.8333,five_finger_tactile_closure,blue_cylinder,cylinder,7,blue_part_to_upper_bin,blue_part_to_upper_bin,behavior_cloned_tactile_policy,0.97,0.856,-0.3501,0.1701,0.118,0.81775,1,0.0,9.0,1249.63855,5,0.42,-0.23,0.058,-0.3501,0.1701,0.056,-0.1272,0.0134,0.052
28.0,five_finger_tactile_closure,blue_cylinder,cylinder,7,blue_part_to_upper_bin,blue_part_to_upper_bin,behavior_cloned_tactile_policy,0.97,0.8741,-0.3501,0.1701,0.118,0.83703,1,0.0,9.0,1290.3861,5,0.42,-0.23,0.058,-0.3501,0.1701,0.056,-0.1272,0.0134,0.052
28.1667,slip_recovery_lift,blue_cylinder,cylinder,7,blue_part_to_upper_bin,blue_part_to_upper_bin,behavior_cloned_tactile_policy,0.97,0.8916,-0.3501,0.1701,0.118,0.84,1,0.0,9.0,1296.56706,5,0.42,-0.23,0.058,-0.3501,0.1701,0.056,-0.1272,0.0134,0.052
28.3333,slip_recovery_lift,blue_cylinder,cylinder,7,blue_part_to_upper_bin,blue_part_to_upper_bin,behavior_cloned_tactile_policy,0.97,0.9082,-0.3501,0.1701,0.11823,0.84,1,0.0067,9.0,1296.461,5,0.42,-0.23,0.058,-0.3501,0.1701,0.056,-0.1272,0.0134,0.052
28.5,slip_recovery_lift,blue_cylinder,cylinder,7,blue_part_to_upper_bin,blue_part_to_upper_bin,behavior_cloned_tactile_policy,0.97,0.9236,-0.3501,0.1701,0.11958,0.84,1,0.0245,9.0,1296.36075,5,0.42,-0.23,0.058,-0.3501,0.1701,0.056,-0.1272,0.0134,0.052
28.6667,slip_recovery_lift,blue_cylinder,cylinder,7,blue_part_to_upper_bin,blue_part_to_upper_bin,behavior_cloned_tactile_policy,0.97,0.9373,-0.3501,0.1701,0.12284,0.84,1,0.0513,9.0,1296.26707,5,0.42,-0.23,0.058,-0.3501,0.1701,0.056,-0.1272,0.0134,0.052
28.8333,slip_recovery_lift,blue_cylinder,cylinder,7,blue_part_to_upper_bin,blue_part_to_upper_bin,behavior_cloned_tactile_policy,0.97,0.9491,-0.3501,0.1701,0.12844,0.84,1,0.085,9.0,1296.17895,5,0.42,-0.23,0.058,-0.3501,0.1701,0.056,-0.1272,0.0134,0.052
29.0,slip_recovery_lift,blue_cylinder,cylinder,7,blue_part_to_upper_bin,blue_part_to_upper_bin,behavior_cloned_tactile_policy,0.97,0.9586,-0.3501,0.1701,0.1366,0.84,1,0.1235,9.0,1296.0956,5,0.42,-0.23,0.058,-0.3501,0.1701,0.056,-0.1272,0.0134,0.052
29.1667,slip_recovery_lift,blue_cylinder,cylinder,7,blue_part_to_upper_bin,blue_part_to_upper_bin,behavior_cloned_tactile_policy,0.97,0.9654,-0.3501,0.1701,0.14725,0.84,1,0.1648,9.0,1296.0162,5,0.42,-0.23,0.058,-0.3501,0.1701,0.056,-0.1272,0.0134,0.052
29.3333,slip_recovery_lift,blue_cylinder,cylinder,7,blue_part_to_upper_bin,blue_part_to_upper_bin,behavior_cloned_tactile_policy,0.97,0.9693,-0.3501,0.1701,0.16018,0.84,1,0.2069,9.0,1295.94004,5,0.42,-0.23,0.058,-0.3501,0.1701,0.056,-0.1272,0.0134,0.052
29.5,slip_recovery_lift,blue_cylinder,cylinder,7,blue_part_to_upper_bin,blue_part_to_upper_bin,behavior_cloned_tactile_policy,0.97,0.97,-0.3501,0.1701,0.17498,0.84,1,0.2477,9.0,1295.86646,5,0.42,-0.23,0.058,-0.3501,0.1701,0.05998,-0.1272,0.0134,0.052
29.6667,slip_recovery_lift,blue_cylinder,cylinder,7,blue_part_to_upper_bin,blue_part_to_upper_bin,behavior_cloned_tactile_policy,0.97,0.97,-0.3501,0.1701,0.19114,0.84,1,0.2851,9.0,1295.79492,5,0.42,-0.23,0.058,-0.3501,0.1701,0.07614,-0.1272,0.0134,0.052
29.8333,slip_recovery_lift,blue_cylinder,cylinder,7,blue_part_to_upper_bin,blue_part_to_upper_bin,behavior_cloned_tactile_policy,0.97,0.97,-0.3501,0.1701,0.20808,0.84,1,0.317,9.0,1295.72496,5,0.42,-0.23,0.058,-0.3501,0.1701,0.09308,-0.1272,0.0134,0.052
30.0,slip_recovery_lift,blue_cylinder,cylinder,7,blue_part_to_upper_bin,blue_part_to_upper_bin,behavior_cloned_tactile_policy,0.97,0.97,-0.3501,0.1701,0.22514,0.84,1,0.3415,9.0,1295.65622,5,0.42,-0.23,0.058,-0.3501,0.1701,0.11014,-0.1272,0.0134,0.052
30.1667,slip_recovery_lift,blue_cylinder,cylinder,7,blue_part_to_upper_bin,blue_part_to_upper_bin,behavior_cloned_tactile_policy,0.97,0.97,-0.3501,0.1701,0.24169,0.84,1,0.3563,9.0,1295.58843,5,0.42,-0.23,0.058,-0.3501,0.1701,0.12669,-0.1272,0.0134,0.052
30.3333,slip_recovery_lift,blue_cylinder,cylinder,7,blue_part_to_upper_bin,blue_part_to_upper_bin,behavior_cloned_tactile_policy,0.97,0.97,-0.3501,0.1701,0.2571,0.84,1,0.36,9.0,1295.5214,5,0.42,-0.23,0.058,-0.3501,0.1701,0.1421,-0.1272,0.0134,0.052
30.5,slip_recovery_lift,blue_cylinder,cylinder,7,blue_part_to_upper_bin,blue_part_to_upper_bin,behavior_cloned_tactile_policy,0.97,0.97,-0.3501,0.1701,0.27083,0.84,1,0.36,9.0,1295.45506,5,0.42,-0.23,0.058,-0.3501,0.1701,0.15583,-0.1272,0.0134,0.052
30.6667,slip_recovery_lift,blue_cylinder,cylinder,7,blue_part_to_upper_bin,blue_part_to_upper_bin,behavior_cloned_tactile_policy,0.97,0.97,-0.3501,0.1701,0.28243,0.84,1,0.36,9.0,1295.38938,5,0.42,-0.23,0.058,-0.3501,0.1701,0.16743,-0.1272,0.0134,0.052
30.8333,slip_recovery_lift,blue_cylinder,cylinder,7,blue_part_to_upper_bin,blue_part_to_upper_bin,behavior_cloned_tactile_policy,0.97,0.97,-0.3501,0.1701,0.2916,0.84,1,0.36,9.0,1295.32448,5,0.42,-0.23,0.058,-0.3501,0.1701,0.1766,-0.1272,0.0134,0.052
31.0,slip_recovery_lift,blue_cylinder,cylinder,7,blue_part_to_upper_bin,blue_part_to_upper_bin,behavior_cloned_tactile_policy,0.97,0.97,-0.3501,0.1701,0.29822,0.84,1,0.36,9.0,1295.26051,5,0.42,-0.23,0.058,-0.3501,0.1701,0.18322,-0.1272,0.0134,0.052
31.1667,slip_recovery_lift,blue_cylinder,cylinder,7,blue_part_to_upper_bin,blue_part_to_upper_bin,behavior_cloned_tactile_policy,0.97,0.97,-0.3501,0.1701,0.30238,0.84,1,0.36,9.0,1295.19775,5,0.42,-0.23,0.058,-0.3501,0.1701,0.18738,-0.1272,0.0134,0.052
31.3333,slip_recovery_lift,blue_cylinder,cylinder,7,blue_part_to_upper_bin,blue_part_to_upper_bin,behavior_cloned_tactile_policy,0.97,0.97,-0.3501,0.1701,0.30442,0.84,1,0.36,9.0,1295.13654,5,0.42,-0.23,0.058,-0.3501,0.1701,0.18942,-0.1272,0.0134,0.052
31.5,slip_recovery_lift,blue_cylinder,cylinder,7,blue_part_to_upper_bin,blue_part_to_upper_bin,behavior_cloned_tactile_policy,0.97,0.97,-0.3501,0.1701,0.30498,0.84,1,0.36,9.0,1295.07731,5,0.42,-0.23,0.058,-0.3501,0.1701,0.18998,-0.1272,0.0134,0.052
31.6667,minimum_jerk_transport,blue_cylinder,cylinder,7,blue_part_to_upper_bin,blue_part_to_upper_bin,behavior_cloned_tactile_policy,0.97,0.97,-0.35005,0.1701,0.305,0.84,1,0.36,9.0,1295.01941,5,0.42,-0.23,0.058,-0.35005,0.1701,0.19,-0.1272,0.0134,0.052
31.8333,minimum_jerk_transport,blue_cylinder,cylinder,7,blue_part_to_upper_bin,blue_part_to_upper_bin,behavior_cloned_tactile_policy,0.97,0.97,-0.34917,0.17017,0.30502,0.84,1,0.36,9.0,1294.9426,5,0.42,-0.23,0.058,-0.34917,0.17017,0.19002,-0.1272,0.0134,0.052
32.0,minimum_jerk_transport,blue_cylinder,cylinder,7,blue_part_to_upper_bin,blue_part_to_upper_bin,behavior_cloned_tactile_policy,0.97,0.97,-0.34618,0.1704,0.30508,0.84,1,0.36,9.0,1294.81427,5,0.42,-0.23,0.058,-0.34618,0.1704,0.19008,-0.1272,0.0134,0.052
32.1667,minimum_jerk_transport,blue_cylinder,cylinder,7,blue_part_to_upper_bin,blue_part_to_upper_bin,behavior_cloned_tactile_policy,0.97,0.97,-0.3401,0.17088,0.30519,0.84,1,0.36,9.0,1294.6101,5,0.42,-0.23,0.058,-0.3401,0.17088,0.19019,-0.1272,0.0134,0.052
32.3333,minimum_jerk_transport,blue_cylinder,cylinder,7,blue_part_to_upper_bin,blue_part_to_upper_bin,behavior_cloned_tactile_policy,0.97,0.97,-0.33019,0.17165,0.30539,0.84,1,0.36,9.0,1294.31408,5,0.42,-0.23,0.058,-0.33019,0.17165,0.19039,-0.1272,0.0134,0.052
32.5,minimum_jerk_transport,blue_cylinder,cylinder,7,blue_part_to_upper_bin,blue_part_to_upper_bin,behavior_cloned_tactile_policy,0.97,0.97,-0.31594,0.17276,0.30567,0.84,1,0.36,9.0,1293.91724,5,0.42,-0.23,0.058,-0.31594,0.17276,0.19067,-0.1272,0.0134,0.052
32.6667,minimum_jerk_transport,blue_cylinder,cylinder,7,blue_part_to_upper_bin,blue_part_to_upper_bin,behavior_cloned_tactile_policy,0.97,0.97,-0.29708,0.17422,0.30603,0.84,1,0.36,9.0,1293.41679,5,0.42,-0.23,0.058,-0.29708,0.17422,0.19103,-0.1272,0.0134,0.052
32.8333,minimum_jerk_transport,blue_cylinder,cylinder,7,blue_part_to_upper_bin,blue_part_to_upper_bin,behavior_cloned_tactile_policy,0.97,0.97,-0.27352,0.17606,0.30649,0.84,1,0.36,9.0,1292.81994,5,0.42,-0.23,0.058,-0.27352,0.17606,0.19149,-0.1272,0.0134,0.052
33.0,minimum_jerk_transport,blue_cylinder,cylinder,7,blue_part_to_upper_bin,blue_part_to_upper_bin,behavior_cloned_tactile_policy,0.97,0.97,-0.24537,0.17825,0.30704,0.84,1,0.36,9.0,1292.12434,5,0.42,-0.23,0.058,-0.24537,0.17825,0.19204,-0.1272,0.0134,0.052
33.1667,minimum_jerk_transport,blue_cylinder,cylinder,7,blue_part_to_upper_bin,blue_part_to_upper_bin,behavior_cloned_tactile_policy,0.97,0.97,-0.21286,0.18077,0.30767,0.84,1,0.36,9.0,1291.34579,5,0.42,-0.23,0.058,-0.21286,0.18077,0.19267,-0.1272,0.0134,0.052
33.3333,minimum_jerk_transport,blue_cylinder,cylinder,7,blue_part_to_upper_bin,blue_part_to_upper_bin,behavior_cloned_tactile_policy,0.97,0.97,-0.17641,0.18361,0.30838,0.84,1,0.36,9.0,1290.49834,5,0.42,-0.23,0.058,-0.17641,0.18361,0.19338,-0.1272,0.0134,0.052
33.5,minimum_jerk_transport,blue_cylinder,cylinder,7,blue_part_to_upper_bin,blue_part_to_upper_bin,behavior_cloned_tactile_policy,0.97,0.97,-0.13651,0.18671,0.30916,0.84,1,0.36,9.0,1289.59845,5,0.42,-0.23,0.058,-0.13651,0.18671,0.19416,-0.1272,0.0134,0.052
33.6667,minimum_jerk_transport,blue_cylinder,cylinder,7,blue_part_to_upper_bin,blue_part_to_upper_bin,behavior_cloned_tactile_policy,0.97,0.97,-0.09377,0.19004,0.30999,0.84,1,0.36,9.0,1288.6643,5,0.42,-0.23,0.058,-0.09377,0.19004,0.19499,-0.1272,0.0134,0.052
33.8333,minimum_jerk_transport,blue_cylinder,cylinder,7,blue_part_to_upper_bin,blue_part_to_upper_bin,behavior_cloned_tactile_policy,0.97,0.97,-0.04888,0.19353,0.31087,0.84,1,0.36,9.0,1287.71513,5,0.42,-0.23,0.058,-0.04888,0.19353,0.19587,-0.1272,0.0134,0.052
34.0,minimum_jerk_transport,blue_cylinder,cylinder,7,blue_part_to_upper_bin,blue_part_to_upper_bin,behavior_cloned_tactile_policy,0.97,0.97,-0.00258,0.19713,0.31177,0.84,1,0.36,9.0,1286.77072,5,0.42,-0.23,0.058,-0.00258,0.19713,0.19677,-0.1272,0.0134,0.052
34.1667,minimum_jerk_transport,blue_cylinder,cylinder,7,blue_part_to_upper_bin,blue_part_to_upper_bin,behavior_cloned_tactile_policy,0.97,0.97,0.04435,0.20078,0.31268,0.84,1,0.36,9.0,1285.85072,5,0.42,-0.23,0.058,0.04435,0.20078,0.19768,-0.1272,0.0134,0.052
34.3333,minimum_jerk_transport,blue_cylinder,cylinder,7,blue_part_to_upper_bin,blue_part_to_upper_bin,behavior_cloned_tactile_policy,0.97,0.97,0.09112,0.20442,0.31359,0.84,1,0.36,9.0,1284.97419,5,0.42,-0.23,0.058,0.09112,0.20442,0.19859,-0.1272,0.0134,0.052
34.5,minimum_jerk_transport,blue_cylinder,cylinder,7,blue_part_to_upper_bin,blue_part_to_upper_bin,behavior_cloned_tactile_policy,0.97,0.97,0.13695,0.20798,0.31449,0.84,1,0.36,9.0,1284.15911,5,0.42,-0.23,0.058,0.13695,0.20798,0.19949,-0.1272,0.0134,0.052
34.6667,minimum_jerk_transport,blue_cylinder,cylinder,7,blue_part_to_upper_bin,blue_part_to_upper_bin,behavior_cloned_tactile_policy,0.97,0.97,0.18106,0.21142,0.31535,0.84,1,0.36,9.0,1283.42186,5,0.42,-0.23,0.058,0.18106,0.21142,0.20035,-0.1272,0.0134,0.052
34.8333,minimum_jerk_transport,blue_cylinder,cylinder,7,blue_part_to_upper_bin,blue_part_to_upper_bin,behavior_cloned_tactile_policy,0.97,0.97,0.22274,0.21466,0.31616,0.84,1,0.36,9.0,1282.77686,5,0.42,-0.23,0.058,0.22274,0.21466,0.20116,-0.1272,0.0134,0.052
35.0,minimum_jerk_transport,blue_cylinder,cylinder,7,blue_part_to_upper_bin,blue_part_to_upper_bin,behavior_cloned_tactile_policy,0.97,0.97,0.26133,0.21766,0.31691,0.84,1,0.36,9.0,1282.23615,5,0.42,-0.23,0.058,0.26133,0.21766,0.20191,-0.1272,0.0134,0.052
35.1667,minimum_jerk_transport,blue_cylinder,cylinder,7,blue_part_to_upper_bin,blue_part_to_upper_bin,behavior_cloned_tactile_policy,0.97,0.97,0.29626,0.22038,0.31759,0.84,1,0.36,9.0,1281.80903,5,0.42,-0.23,0.058,0.29626,0.22038,0.20259,-0.1272,0.0134,0.052
35.3333,minimum_jerk_transport,blue_cylinder,cylinder,7,blue_part_to_upper_bin,blue_part_to_upper_bin,behavior_cloned_tactile_policy,0.97,0.97,0.32707,0.22277,0.31819,0.84,1,0.36,9.0,1281.5017,5,0.42,-0.23,0.058,0.32707,0.22277,0.20319,-0.1272,0.0134,0.052
35.5,minimum_jerk_transport,blue_cylinder,cylinder,7,blue_part_to_upper_bin,blue_part_to_upper_bin,behavior_cloned_tactile_policy,0.97,0.97,0.35341,0.22482,0.3187,0.84,1,0.3588,9.0,1281.31696,5,0.42,-0.23,0.058,0.35341,0.22482,0.2037,-0.1272,0.0134,0.052
35.6667,minimum_jerk_transport,blue_cylinder,cylinder,7,blue_part_to_upper_bin,blue_part_to_upper_bin,behavior_cloned_tactile_policy,0.97,0.97,0.37509,0.22651,0.31913,0.84,1,0.3501,9.0,1281.25389,5,0.42,-0.23,0.058,0.37509,0.22651,0.20413,-0.1272,0.0134,0.052
35.8333,minimum_jerk_transport,blue_cylinder,cylinder,7,blue_part_to_upper_bin,blue_part_to_upper_bin,behavior_cloned_tactile_policy,0.97,0.97,0.39208,0.22783,0.31946,0.84,1,0.3341,9.0,1281.30757,5,0.42,-0.23,0.058,0.39208,0.22783,0.20446,-0.1272,0.0134,0.052
36.0,minimum_jerk_transport,blue_cylinder,cylinder,7,blue_part_to_upper_bin,blue_part_to_upper_bin,behavior_cloned_tactile_policy,0.97,0.97,0.40455,0.2288,0.3197,0.84,1,0.3119,9.0,1281.46881,5,0.42,-0.23,0.058,0.40455,0.2288,0.2047,-0.1272,0.0134,0.052
36.1667,minimum_jerk_transport,blue_cylinder,cylinder,7,blue_part_to_upper_bin,blue_part_to_upper_bin,behavior_cloned_tactile_policy,0.97,0.97,0.41286,0.22944,0.31986,0.84,1,0.2848,9.0,1281.72382,5,0.42,-0.23,0.058,0.41286,0.22944,0.20486,-0.1272,0.0134,0.052
36.3333,minimum_jerk_transport,blue_cylinder,cylinder,7,blue_part_to_upper_bin,blue_part_to_upper_bin,behavior_cloned_tactile_policy,0.97,0.97,0.4176,0.22981,0.31995,0.84,1,0.2539,9.0,1282.054,5,0.42,-0.23,0.058,0.4176,0.22981,0.20495,-0.1272,0.0134,0.052
36.5,minimum_jerk_transport,blue_cylinder,cylinder,7,blue_part_to_upper_bin,blue_part_to_upper_bin,behavior_cloned_tactile_policy,0.97,0.97,0.41961,0.22997,0.31999,0.84,1,0.2205,9.0,1282.4356,5,0.42,-0.23,0.058,0.41961,0.22997,0.20499,-0.1272,0.0134,0.052
36.6667,minimum_jerk_transport,blue_cylinder,cylinder,7,blue_part_to_upper_bin,blue_part_to_upper_bin,behavior_cloned_tactile_policy,0.97,0.97,0.42,0.23,0.32,0.84,1,0.1856,9.0,1282.83945,5,0.42,-0.23,0.058,0.42,0.23,0.205,-0.1272,0.0134,0.052
36.8333,place_into_bin,blue_cylinder,cylinder,7,blue_part_to_upper_bin,blue_part_to_upper_bin,behavior_cloned_tactile_policy,0.97,0.97,0.42,0.23,0.31971,0.84,1,0.1506,9.0,1283.23477,5,0.42,-0.23,0.058,0.42,0.23,0.20471,-0.1272,0.0134,0.052
37.0,place_into_bin,blue_cylinder,cylinder,7,blue_part_to_upper_bin,blue_part_to_upper_bin,behavior_cloned_tactile_policy,0.97,0.97,0.42,0.23,0.31722,0.84,1,0.1166,9.0,1283.61176,5,0.42,-0.23,0.058,0.42,0.23,0.20222,-0.1272,0.0134,0.052
37.1667,place_into_bin,blue_cylinder,cylinder,7,blue_part_to_upper_bin,blue_part_to_upper_bin,behavior_cloned_tactile_policy,0.97,0.97,0.42,0.23,0.31084,0.84,1,0.0847,9.0,1283.96788,5,0.42,-0.23,0.058,0.42,0.23,0.19584,-0.1272,0.0134,0.052
37.3333,place_into_bin,blue_cylinder,cylinder,7,blue_part_to_upper_bin,blue_part_to_upper_bin,behavior_cloned_tactile_policy,0.97,0.97,0.42,0.23,0.29981,0.84,1,0.0562,9.0,1284.30503,5,0.42,-0.23,0.058,0.42,0.23,0.18481,-0.1272,0.0134,0.052
37.5,place_into_bin,blue_cylinder,cylinder,7,blue_part_to_upper_bin,blue_part_to_upper_bin,behavior_cloned_tactile_policy,0.97,0.97,0.42,0.23,0.28419,0.84,1,0.0324,9.0,1284.62591,5,0.42,-0.23,0.058,0.42,0.23,0.16919,-0.1272,0.0134,0.052
37.6667,place_into_bin,blue_cylinder,cylinder,7,blue_part_to_upper_bin,blue_part_to_upper_bin,behavior_cloned_tactile_policy,0.97,0.97,0.42,0.23,0.26465,0.84,1,0.0143,9.0,1284.93361,5,0.42,-0.23,0.058,0.42,0.23,0.14965,-0.1272,0.0134,0.052
37.8333,place_into_bin,blue_cylinder,cylinder,7,blue_part_to_upper_bin,blue_part_to_upper_bin,behavior_cloned_tactile_policy,0.97,0.97,0.42,0.23,0.24234,0.84,1,0.0031,9.0,1285.22758,5,0.42,-0.23,0.058,0.42,0.23,0.12734,-0.1272,0.0134,0.052
38.0,place_into_bin,blue_cylinder,cylinder,7,blue_part_to_upper_bin,blue_part_to_upper_bin,behavior_cloned_tactile_policy,0.97,0.97,0.42,0.23,0.21869,0.84,1,0.0,9.0,1285.51031,5,0.42,-0.23,0.058,0.42,0.23,0.10369,-0.1272,0.0134,0.052
38.1667,place_into_bin,blue_cylinder,cylinder,7,blue_part_to_upper_bin,blue_part_to_upper_bin,behavior_cloned_tactile_policy,0.97,0.97,0.42,0.23,0.1953,0.84,1,0.0,9.0,1285.78344,5,0.42,-0.23,0.058,0.42,0.23,0.0803,-0.1272,0.0134,0.052
38.3333,place_into_bin,blue_cylinder,cylinder,7,blue_part_to_upper_bin,blue_part_to_upper_bin,behavior_cloned_tactile_policy,0.97,0.97,0.42,0.23,0.17373,0.84,1,0.0,9.0,1286.04791,5,0.42,-0.23,0.058,0.42,0.23,0.05873,-0.1272,0.0134,0.052
38.5,place_into_bin,blue_cylinder,cylinder,7,blue_part_to_upper_bin,blue_part_to_upper_bin,behavior_cloned_tactile_policy,0.97,0.97,0.42,0.23,0.15534,0.84,1,0.0,9.0,1286.30429,5,0.42,-0.23,0.058,0.42,0.23,0.056,-0.1272,0.0134,0.052
38.6667,place_into_bin,blue_cylinder,cylinder,7,blue_part_to_upper_bin,blue_part_to_upper_bin,behavior_cloned_tactile_policy,0.97,0.97,0.42,0.23,0.14114,0.84,1,0.0,9.0,1286.55279,5,0.42,-0.23,0.058,0.42,0.23,0.056,-0.1272,0.0134,0.052
38.8333,place_into_bin,blue_cylinder,cylinder,7,blue_part_to_upper_bin,blue_part_to_upper_bin,behavior_cloned_tactile_policy,0.97,0.97,0.42,0.23,0.13163,0.84,1,0.0,9.0,1286.79328,5,0.42,-0.23,0.058,0.42,0.23,0.056,-0.1272,0.0134,0.052
39.0,place_into_bin,blue_cylinder,cylinder,7,blue_part_to_upper_bin,blue_part_to_upper_bin,behavior_cloned_tactile_policy,0.97,0.97,0.42,0.23,0.12662,0.84,1,0.0,9.0,1287.02527,5,0.42,-0.23,0.058,0.42,0.23,0.056,-0.1272,0.0134,0.052
39.1667,place_into_bin,blue_cylinder,cylinder,7,blue_part_to_upper_bin,blue_part_to_upper_bin,behavior_cloned_tactile_policy,0.97,0.97,0.42,0.23,0.12507,0.84,1,0.0,9.0,1287.24793,5,0.42,-0.23,0.058,0.42,0.23,0.056,-0.1272,0.0134,0.052
39.3333,release_and_verify,blue_cylinder,cylinder,7,blue_part_to_upper_bin,blue_part_to_upper_bin,behavior_cloned_tactile_policy,0.97,0.97,0.42,0.23,0.125,0.83923,1,0.0,9.0,1285.83287,5,0.42,-0.23,0.058,0.42,0.23,0.056,-0.1272,0.0134,0.052
39.5,release_and_verify,blue_cylinder,cylinder,7,blue_part_to_upper_bin,blue_part_to_upper_bin,behavior_cloned_tactile_policy,0.97,0.97,0.42,0.23,0.125,0.82078,1,0.0,9.0,1246.9121,5,0.42,-0.23,0.058,0.42,0.23,0.056,-0.1272,0.0134,0.052
39.6667,release_and_verify,blue_cylinder,cylinder,7,blue_part_to_upper_bin,blue_part_to_upper_bin,behavior_cloned_tactile_policy,0.97,0.97,0.42,0.23,0.125,0.76364,1,0.0,9.0,1126.07841,5,0.42,-0.23,0.058,0.42,0.23,0.056,-0.1272,0.0134,0.052
39.8333,release_and_verify,blue_cylinder,cylinder,7,blue_part_to_upper_bin,blue_part_to_upper_bin,behavior_cloned_tactile_policy,0.97,0.97,0.42,0.23,0.125,0.66431,1,0.0,9.0,916.33351,5,0.42,-0.23,0.058,0.42,0.23,0.056,-0.1272,0.0134,0.052
40.0,release_and_verify,blue_cylinder,cylinder,7,blue_part_to_upper_bin,blue_part_to_upper_bin,behavior_cloned_tactile_policy,0.97,0.97,0.42,0.23,0.125,0.53278,1,0.0,9.0,640.24085,5,0.42,-0.23,0.058,0.42,0.23,0.056,-0.1272,0.0134,0.052
40.1667,release_and_verify,blue_cylinder,cylinder,7,blue_part_to_upper_bin,blue_part_to_upper_bin,behavior_cloned_tactile_policy,0.97,0.97,0.42,0.23,0.125,0.38744,0,0.0,9.0,339.93436,5,0.42,-0.23,0.058,0.42026,0.22999,0.0619,-0.1272,0.0134,0.052
40.3333,release_and_verify,blue_cylinder,cylinder,7,blue_part_to_upper_bin,blue_part_to_upper_bin,behavior_cloned_tactile_policy,0.97,0.97,0.42,0.23,0.125,0.24995,0,0.0,9.0,61.87555,5,0.42,-0.23,0.058,0.42,0.23,0.058,-0.1272,0.0134,0.052
40.5,release_and_verify,blue_cylinder,cylinder,7,blue_part_to_upper_bin,blue_part_to_upper_bin,behavior_cloned_tactile_policy,0.97,0.97,0.42,0.23,0.125,0.14014,0,0.0,9.0,24.08711,1,0.42,-0.23,0.058,0.42,0.23,0.058,-0.1272,0.0134,0.052
40.6667,release_and_verify,blue_cylinder,cylinder,7,blue_part_to_upper_bin,blue_part_to_upper_bin,behavior_cloned_tactile_policy,0.97,0.97,0.42,0.23,0.125,0.07087,0,0.0,9.0,30.5226,1,0.42,-0.23,0.058,0.42,0.23,0.058,-0.1272,0.0134,0.052
40.8333,release_and_verify,blue_cylinder,cylinder,7,blue_part_to_upper_bin,blue_part_to_upper_bin,behavior_cloned_tactile_policy,0.97,0.97,0.42,0.23,0.125,0.04292,0,0.0,9.0,23.66032,1,0.42,-0.23,0.058,0.42,0.23,0.058,-0.1272,0.0134,0.052
41.0,retreat_after_release,blue_cylinder,cylinder,7,blue_part_to_upper_bin,blue_part_to_upper_bin,behavior_cloned_tactile_policy,0.97,0.97,0.42,0.23,0.12502,0.04,0,0.0,9.0,0.0,0,0.42,-0.23,0.058,0.42,0.23,0.058,-0.1272,0.0134,0.052
41.1667,retreat_after_release,blue_cylinder,cylinder,7,blue_part_to_upper_bin,blue_part_to_upper_bin,behavior_cloned_tactile_policy,0.97,0.97,0.42,0.23,0.12786,0.04,0,0.0,9.0,0.0,0,0.42,-0.23,0.058,0.42,0.23,0.058,-0.1272,0.0134,0.052
41.3333,retreat_after_release,blue_cylinder,cylinder,7,blue_part_to_upper_bin,blue_part_to_upper_bin,behavior_cloned_tactile_policy,0.97,0.97,0.42,0.23,0.1393,0.04,0,0.0,9.0,0.0,0,0.42,-0.23,0.058,0.42,0.23,0.058,-0.1272,0.0134,0.052
41.5,retreat_after_release,blue_cylinder,cylinder,7,blue_part_to_upper_bin,blue_part_to_upper_bin,behavior_cloned_tactile_policy,0.97,0.97,0.42,0.23,0.16116,0.04,0,0.0,9.0,0.0,0,0.42,-0.23,0.058,0.42,0.23,0.058,-0.1272,0.0134,0.052
41.6667,retreat_after_release,blue_cylinder,cylinder,7,blue_part_to_upper_bin,blue_part_to_upper_bin,behavior_cloned_tactile_policy,0.97,0.97,0.42,0.23,0.19169,0.04,0,0.0,9.0,0.0,0,0.42,-0.23,0.058,0.42,0.23,0.058,-0.1272,0.0134,0.052
41.8333,retreat_after_release,blue_cylinder,cylinder,7,blue_part_to_upper_bin,blue_part_to_upper_bin,behavior_cloned_tactile_policy,0.97,0.97,0.42,0.23,0.22678,0.04,0,0.0,9.0,0.0,0,0.42,-0.23,0.058,0.42,0.23,0.058,-0.1272,0.0134,0.052
42.0,retreat_after_release,blue_cylinder,cylinder,7,blue_part_to_upper_bin,blue_part_to_upper_bin,behavior_cloned_tactile_policy,0.97,0.97,0.42,0.23,0.26123,0.04,0,0.0,9.0,0.0,0,0.42,-0.23,0.058,0.42,0.23,0.058,-0.1272,0.0134,0.052
42.1667,retreat_after_release,blue_cylinder,cylinder,7,blue_part_to_upper_bin,blue_part_to_upper_bin,behavior_cloned_tactile_policy,0.97,0.97,0.42,0.23,0.28999,0.04,0,0.0,9.0,0.0,0,0.42,-0.23,0.058,0.42,0.23,0.058,-0.1272,0.0134,0.052
42.3333,retreat_after_release,blue_cylinder,cylinder,7,blue_part_to_upper_bin,blue_part_to_upper_bin,behavior_cloned_tactile_policy,0.97,0.97,0.42,0.23,0.3094,0.04,0,0.0,9.0,0.0,0,0.42,-0.23,0.058,0.42,0.23,0.058,-0.1272,0.0134,0.052
42.5,retreat_after_release,blue_cylinder,cylinder,7,blue_part_to_upper_bin,blue_part_to_upper_bin,behavior_cloned_tactile_policy,0.97,0.97,0.42,0.23,0.31844,0.04,0,0.0,9.0,0.0,0,0.42,-0.23,0.058,0.42,0.23,0.058,-0.1272,0.0134,0.052
42.6667,vision_classify_and_align,amber_capsule,capsule,7,amber_capsule_to_inspection_slot,amber_capsule_to_inspection_slot,behavior_cloned_tactile_policy,0.78,0.72,-0.04,0.0,0.34,0.05,0,0.0,1.0,0.0,0,0.42,-0.23,0.058,0.42,0.23,0.058,-0.1272,0.0134,0.052
42.8333,vision_classify_and_align,amber_capsule,capsule,7,amber_capsule_to_inspection_slot,amber_capsule_to_inspection_slot,behavior_cloned_tactile_policy,0.7823,0.72,-0.04022,3e-05,0.33991,0.05,0,0.0,1.0,0.0,0,0.42,-0.23,0.058,0.42,0.23,0.058,-0.1272,0.0134,0.052
43.0,vision_classify_and_align,amber_capsule,capsule,7,amber_capsule_to_inspection_slot,amber_capsule_to_inspection_slot,behavior_cloned_tactile_policy,0.7888,0.72,-0.04157,0.00024,0.33937,0.05,0,0.0,1.0,0.0,0,0.42,-0.23,0.058,0.42,0.23,0.058,-0.1272,0.0134,0.052
43.1667,vision_classify_and_align,amber_capsule,capsule,7,amber_capsule_to_inspection_slot,amber_capsule_to_inspection_slot,behavior_cloned_tactile_policy,0.7989,0.72,-0.04474,0.00073,0.3381,0.05,0,0.0,1.0,0.0,0,0.42,-0.23,0.058,0.42,0.23,0.058,-0.1272,0.0134,0.052
43.3333,vision_classify_and_align,amber_capsule,capsule,7,amber_capsule_to_inspection_slot,amber_capsule_to_inspection_slot,behavior_cloned_tactile_policy,0.8119,0.72,-0.05001,0.00154,0.33598,0.05,0,0.0,1.0,0.0,0,0.42,-0.23,0.058,0.42,0.23,0.058,-0.1272,0.0134,0.052
43.5,vision_classify_and_align,amber_capsule,capsule,7,amber_capsule_to_inspection_slot,amber_capsule_to_inspection_slot,behavior_cloned_tactile_policy,0.8273,0.72,-0.0573,0.00266,0.33305,0.05,0,0.0,1.0,0.0,0,0.42,-0.23,0.058,0.42,0.23,0.058,-0.1272,0.0134,0.052
43.6667,vision_classify_and_align,amber_capsule,capsule,7,amber_capsule_to_inspection_slot,amber_capsule_to_inspection_slot,behavior_cloned_tactile_policy,0.8443,0.72,-0.06628,0.00404,0.32945,0.05,0,0.0,1.0,0.0,0,0.42,-0.23,0.058,0.42,0.23,0.058,-0.1272,0.0134,0.052
43.8333,vision_classify_and_align,amber_capsule,capsule,7,amber_capsule_to_inspection_slot,amber_capsule_to_inspection_slot,behavior_cloned_tactile_policy,0.8624,0.72,-0.0764,0.00559,0.32539,0.05,0,0.0,1.0,0.0,0,0.42,-0.23,0.058,0.42,0.23,0.058,-0.1272,0.0134,0.052
44.0,vision_classify_and_align,amber_capsule,capsule,7,amber_capsule_to_inspection_slot,amber_capsule_to_inspection_slot,behavior_cloned_tactile_policy,0.8809,0.72,-0.087,0.00722,0.32113,0.05,0,0.0,1.0,0.0,0,0.42,-0.23,0.058,0.42,0.23,0.058,-0.1272,0.0134,0.052
44.1667,vision_classify_and_align,amber_capsule,capsule,7,amber_capsule_to_inspection_slot,amber_capsule_to_inspection_slot,behavior_cloned_tactile_policy,0.8993,0.72,-0.09738,0.00882,0.31697,0.05,0,0.0,1.0,0.0,0,0.42,-0.23,0.058,0.42,0.23,0.058,-0.1272,0.0134,0.052
44.3333,vision_classify_and_align,amber_capsule,capsule,7,amber_capsule_to_inspection_slot,amber_capsule_to_inspection_slot,behavior_cloned_tactile_policy,0.9167,0.72,-0.10683,0.01027,0.31317,0.05,0,0.0,1.0,0.0,0,0.42,-0.23,0.058,0.42,0.23,0.058,-0.1272,0.0134,0.052
44.5,vision_classify_and_align,amber_capsule,capsule,7,amber_capsule_to_inspection_slot,amber_capsule_to_inspection_slot,behavior_cloned_tactile_policy,0.9328,0.72,-0.11478,0.01149,0.30998,0.05,0,0.0,1.0,0.0,0,0.42,-0.23,0.058,0.42,0.23,0.058,-0.1272,0.0134,0.052
44.6667,vision_classify_and_align,amber_capsule,capsule,7,amber_capsule_to_inspection_slot,amber_capsule_to_inspection_slot,behavior_cloned_tactile_policy,0.9467,0.72,-0.12081,0.01242,0.30757,0.05,0,0.0,1.0,0.0,0,0.42,-0.23,0.058,0.42,0.23,0.058,-0.1272,0.0134,0.052
44.8333,vision_classify_and_align,amber_capsule,capsule,7,amber_capsule_to_inspection_slot,amber_capsule_to_inspection_slot,behavior_cloned_tactile_policy,0.9579,0.72,-0.12472,0.01302,0.30599,0.05,0,0.0,1.0,0.0,0,0.42,-0.23,0.058,0.42,0.23,0.058,-0.1272,0.0134,0.052
45.0,vision_classify_and_align,amber_capsule,capsule,7,amber_capsule_to_inspection_slot,amber_capsule_to_inspection_slot,behavior_cloned_tactile_policy,0.9658,0.72,-0.12667,0.01332,0.30521,0.05,0,0.0,1.0,0.0,0,0.42,-0.23,0.058,0.42,0.23,0.058,-0.1272,0.0134,0.052
45.1667,vision_classify_and_align,amber_capsule,capsule,7,amber_capsule_to_inspection_slot,amber_capsule_to_inspection_slot,behavior_cloned_tactile_policy,0.9697,0.72,-0.12719,0.0134,0.305,0.05,0,0.0,1.0,0.0,0,0.42,-0.23,0.058,0.42,0.23,0.058,-0.1272,0.0134,0.052
45.3333,behavior_cloned_descend,amber_capsule,capsule,7,amber_capsule_to_inspection_slot,amber_capsule_to_inspection_slot,behavior_cloned_tactile_policy,0.97,0.72,-0.1272,0.0134,0.30478,0.05,0,0.0,1.0,0.0,0,0.42,-0.23,0.058,0.42,0.23,0.058,-0.1272,0.0134,0.052
45.5,behavior_cloned_descend,amber_capsule,capsule,7,amber_capsule_to_inspection_slot,amber_capsule_to_inspection_slot,behavior_cloned_tactile_policy,0.97,0.72,-0.1272,0.0134,0.30178,0.05,0,0.0,1.0,0.0,0,0.42,-0.23,0.058,0.42,0.23,0.058,-0.1272,0.0134,0.052
45.6667,behavior_cloned_descend,amber_capsule,capsule,7,amber_capsule_to_inspection_slot,amber_capsule_to_inspection_slot,behavior_cloned_tactile_policy,0.97,0.72,-0.1272,0.0134,0.29325,0.05,0,0.0,1.0,0.0,0,0.42,-0.23,0.058,0.42,0.23,0.058,-0.1272,0.0134,0.052
45.8333,behavior_cloned_descend,amber_capsule,capsule,7,amber_capsule_to_inspection_slot,amber_capsule_to_inspection_slot,behavior_cloned_tactile_policy,0.97,0.72,-0.1272,0.0134,0.27825,0.05,0,0.0,1.0,0.0,0,0.42,-0.23,0.058,0.42,0.23,0.058,-0.1272,0.0134,0.052
46.0,behavior_cloned_descend,amber_capsule,capsule,7,amber_capsule_to_inspection_slot,amber_capsule_to_inspection_slot,behavior_cloned_tactile_policy,0.97,0.72,-0.1272,0.0134,0.25734,0.05,0,0.0,1.0,0.0,0,0.42,-0.23,0.058,0.42,0.23,0.058,-0.1272,0.0134,0.052
46.1667,behavior_cloned_descend,amber_capsule,capsule,7,amber_capsule_to_inspection_slot,amber_capsule_to_inspection_slot,behavior_cloned_tactile_policy,0.97,0.72,-0.1272,0.0134,0.23212,0.05,0,0.0,1.0,0.0,0,0.42,-0.23,0.058,0.42,0.23,0.058,-0.1272,0.0134,0.052
46.3333,behavior_cloned_descend,amber_capsule,capsule,7,amber_capsule_to_inspection_slot,amber_capsule_to_inspection_slot,behavior_cloned_tactile_policy,0.97,0.72,-0.1272,0.0134,0.20493,0.05,0,0.0,1.0,0.0,0,0.42,-0.23,0.058,0.42,0.23,0.058,-0.1272,0.0134,0.052
46.5,behavior_cloned_descend,amber_capsule,capsule,7,amber_capsule_to_inspection_slot,amber_capsule_to_inspection_slot,behavior_cloned_tactile_policy,0.97,0.72,-0.1272,0.0134,0.17837,0.05,0,0.0,1.0,0.0,0,0.42,-0.23,0.058,0.42,0.23,0.058,-0.1272,0.0134,0.052
46.6667,behavior_cloned_descend,amber_capsule,capsule,7,amber_capsule_to_inspection_slot,amber_capsule_to_inspection_slot,behavior_cloned_tactile_policy,0.97,0.72,-0.1272,0.0134,0.15497,0.05,0,0.0,1.0,0.0,0,0.42,-0.23,0.058,0.42,0.23,0.058,-0.1272,0.0134,0.052
46.8333,behavior_cloned_descend,amber_capsule,capsule,7,amber_capsule_to_inspection_slot,amber_capsule_to_inspection_slot,behavior_cloned_tactile_policy,0.97,0.72,-0.1272,0.0134,0.13675,0.05,0,0.0,1.0,0.0,0,0.42,-0.23,0.058,0.42,0.23,0.058,-0.1272,0.0134,0.052
47.0,behavior_cloned_descend,amber_capsule,capsule,7,amber_capsule_to_inspection_slot,amber_capsule_to_inspection_slot,behavior_cloned_tactile_policy,0.97,0.72,-0.1272,0.0134,0.12487,0.05,0,0.0,1.0,0.0,0,0.42,-0.23,0.058,0.42,0.23,0.058,-0.1272,0.0134,0.052
47.1667,behavior_cloned_descend,amber_capsule,capsule,7,amber_capsule_to_inspection_slot,amber_capsule_to_inspection_slot,behavior_cloned_tactile_policy,0.97,0.72,-0.1272,0.0134,0.11921,0.05,0,0.0,1.0,0.0,0,0.42,-0.23,0.058,0.42,0.23,0.058,-0.1272,0.0134,0.052
47.3333,behavior_cloned_descend,amber_capsule,capsule,7,amber_capsule_to_inspection_slot,amber_capsule_to_inspection_slot,behavior_cloned_tactile_policy,0.97,0.72,-0.1272,0.0134,0.118,0.05,0,0.0,1.0,0.0,0,0.42,-0.23,0.058,0.42,0.23,0.058,-0.1272,0.0134,0.052
47.5,five_finger_tactile_closure,amber_capsule,capsule,7,amber_capsule_to_inspection_slot,amber_capsule_to_inspection_slot,behavior_cloned_tactile_policy,0.97,0.7212,-0.1272,0.0134,0.118,0.05202,0,0.0,1.1,0.0,0,0.42,-0.23,0.058,0.42,0.23,0.058,-0.1272,0.0134,0.052
47.6667,five_finger_tactile_closure,amber_capsule,capsule,7,amber_capsule_to_inspection_slot,amber_capsule_to_inspection_slot,behavior_cloned_tactile_policy,0.97,0.7257,-0.1272,0.0134,0.118,0.0687,0,0.0,1.45,0.0,0,0.42,-0.23,0.058,0.42,0.23,0.058,-0.1272,0.0134,0.052
47.8333,five_finger_tactile_closure,amber_capsule,capsule,7,amber_capsule_to_inspection_slot,amber_capsule_to_inspection_slot,behavior_cloned_tactile_policy,0.97,0.7331,-0.1272,0.0134,0.118,0.11012,0,0.0,2.01,0.0,0,0.42,-0.23,0.058,0.42,0.23,0.058,-0.1272,0.0134,0.052
48.0,five_finger_tactile_closure,amber_capsule,capsule,7,amber_capsule_to_inspection_slot,amber_capsule_to_inspection_slot,behavior_cloned_tactile_policy,0.97,0.7431,-0.1272,0.0134,0.118,0.17883,0,0.0,2.73,0.0,0,0.42,-0.23,0.058,0.42,0.23,0.058,-0.1272,0.0134,0.052
48.1667,five_finger_tactile_closure,amber_capsule,capsule,7,amber_capsule_to_inspection_slot,amber_capsule_to_inspection_slot,behavior_cloned_tactile_policy,0.97,0.7553,-0.1272,0.0134,0.118,0.2715,0,0.0,3.57,112.67669,5,0.42,-0.23,0.058,0.42,0.23,0.058,-0.1272,0.0134,0.052
48.3333,five_finger_tactile_closure,amber_capsule,capsule,7,amber_capsule_to_inspection_slot,amber_capsule_to_inspection_slot,behavior_cloned_tactile_policy,0.97,0.7694,-0.1272,0.0134,0.118,0.38053,0,0.0,4.48,331.23228,5,0.42,-0.23,0.058,0.42,0.23,0.058,-0.1272,0.0134,0.052
48.5,five_finger_tactile_closure,amber_capsule,capsule,7,amber_capsule_to_inspection_slot,amber_capsule_to_inspection_slot,behavior_cloned_tactile_policy,0.97,0.785,-0.1272,0.0134,0.118,0.49576,0,0.0,5.41,570.70977,5,0.42,-0.23,0.058,0.42,0.23,0.058,-0.1272,0.0134,0.052
48.6667,five_finger_tactile_closure,amber_capsule,capsule,7,amber_capsule_to_inspection_slot,amber_capsule_to_inspection_slot,behavior_cloned_tactile_policy,0.97,0.8019,-0.1272,0.0134,0.118,0.6061,1,0.0,9.0,802.20511,5,0.42,-0.23,0.058,0.42,0.23,0.058,-0.1272,0.0134,0.058
48.8333,five_finger_tactile_closure,amber_capsule,capsule,7,amber_capsule_to_inspection_slot,amber_capsule_to_inspection_slot,behavior_cloned_tactile_policy,0.97,0.8195,-0.1272,0.0134,0.118,0.7012,1,0.0,9.0,1002.56999,5,0.42,-0.23,0.058,0.42,0.23,0.058,-0.1272,0.0134,0.058
49.0,five_finger_tactile_closure,amber_capsule,capsule,7,amber_capsule_to_inspection_slot,amber_capsule_to_inspection_slot,behavior_cloned_tactile_policy,0.97,0.8377,-0.1272,0.0134,0.118,0.77306,1,0.0,9.0,1154.40467,5,0.42,-0.23,0.058,0.42,0.23,0.058,-0.1272,0.0134,0.058
49.1667,five_finger_tactile_closure,amber_capsule,capsule,7,amber_capsule_to_inspection_slot,amber_capsule_to_inspection_slot,behavior_cloned_tactile_policy,0.97,0.856,-0.1272,0.0134,0.118,0.81775,1,0.0,9.0,1248.95305,5,0.42,-0.23,0.058,0.42,0.23,0.058,-0.1272,0.0134,0.058
49.3333,five_finger_tactile_closure,amber_capsule,capsule,7,amber_capsule_to_inspection_slot,amber_capsule_to_inspection_slot,behavior_cloned_tactile_policy,0.97,0.8741,-0.1272,0.0134,0.118,0.83703,1,0.0,9.0,1289.70622,5,0.42,-0.23,0.058,0.42,0.23,0.058,-0.1272,0.0134,0.058
49.5,slip_recovery_lift,amber_capsule,capsule,7,amber_capsule_to_inspection_slot,amber_capsule_to_inspection_slot,behavior_cloned_tactile_policy,0.97,0.8916,-0.1272,0.0134,0.118,0.84,1,0.0,9.0,1295.89136,5,0.42,-0.23,0.058,0.42,0.23,0.058,-0.1272,0.0134,0.058
49.6667,slip_recovery_lift,amber_capsule,capsule,7,amber_capsule_to_inspection_slot,amber_capsule_to_inspection_slot,behavior_cloned_tactile_policy,0.97,0.9082,-0.1272,0.0134,0.11823,0.84,1,0.0067,9.0,1295.7879,5,0.42,-0.23,0.058,0.42,0.23,0.058,-0.1272,0.0134,0.058
49.8333,slip_recovery_lift,amber_capsule,capsule,7,amber_capsule_to_inspection_slot,amber_capsule_to_inspection_slot,behavior_cloned_tactile_policy,0.97,0.9236,-0.1272,0.0134,0.11958,0.84,1,0.0245,9.0,1295.68903,5,0.42,-0.23,0.058,0.42,0.23,0.058,-0.1272,0.0134,0.058
50.0,slip_recovery_lift,amber_capsule,capsule,7,amber_capsule_to_inspection_slot,amber_capsule_to_inspection_slot,behavior_cloned_tactile_policy,0.97,0.9373,-0.1272,0.0134,0.12284,0.84,1,0.0513,9.0,1295.5954,5,0.42,-0.23,0.058,0.42,0.23,0.058,-0.1272,0.0134,0.058
50.1667,slip_recovery_lift,amber_capsule,capsule,7,amber_capsule_to_inspection_slot,amber_capsule_to_inspection_slot,behavior_cloned_tactile_policy,0.97,0.9491,-0.1272,0.0134,0.12844,0.84,1,0.085,9.0,1295.50647,5,0.42,-0.23,0.058,0.42,0.23,0.058,-0.1272,0.0134,0.058
50.3333,slip_recovery_lift,amber_capsule,capsule,7,amber_capsule_to_inspection_slot,amber_capsule_to_inspection_slot,behavior_cloned_tactile_policy,0.97,0.9586,-0.1272,0.0134,0.1366,0.84,1,0.1235,9.0,1295.4216,5,0.42,-0.23,0.058,0.42,0.23,0.058,-0.1272,0.0134,0.058
50.5,slip_recovery_lift,amber_capsule,capsule,7,amber_capsule_to_inspection_slot,amber_capsule_to_inspection_slot,behavior_cloned_tactile_policy,0.97,0.9654,-0.1272,0.0134,0.14725,0.84,1,0.1648,9.0,1295.34018,5,0.42,-0.23,0.058,0.42,0.23,0.058,-0.1272,0.0134,0.058
50.6667,slip_recovery_lift,amber_capsule,capsule,7,amber_capsule_to_inspection_slot,amber_capsule_to_inspection_slot,behavior_cloned_tactile_policy,0.97,0.9693,-0.1272,0.0134,0.16018,0.84,1,0.2069,9.0,1295.26164,5,0.42,-0.23,0.058,0.42,0.23,0.058,-0.1272,0.0134,0.058
50.8333,slip_recovery_lift,amber_capsule,capsule,7,amber_capsule_to_inspection_slot,amber_capsule_to_inspection_slot,behavior_cloned_tactile_policy,0.97,0.97,-0.1272,0.0134,0.17498,0.84,1,0.2477,9.0,1295.1855,5,0.42,-0.23,0.058,0.42,0.23,0.058,-0.1272,0.0134,0.05998
51.0,slip_recovery_lift,amber_capsule,capsule,7,amber_capsule_to_inspection_slot,amber_capsule_to_inspection_slot,behavior_cloned_tactile_policy,0.97,0.97,-0.1272,0.0134,0.19114,0.84,1,0.2851,9.0,1295.11134,5,0.42,-0.23,0.058,0.42,0.23,0.058,-0.1272,0.0134,0.07614
51.1667,slip_recovery_lift,amber_capsule,capsule,7,amber_capsule_to_inspection_slot,amber_capsule_to_inspection_slot,behavior_cloned_tactile_policy,0.97,0.97,-0.1272,0.0134,0.20808,0.84,1,0.317,9.0,1295.03883,5,0.42,-0.23,0.058,0.42,0.23,0.058,-0.1272,0.0134,0.09308
51.3333,slip_recovery_lift,amber_capsule,capsule,7,amber_capsule_to_inspection_slot,amber_capsule_to_inspection_slot,behavior_cloned_tactile_policy,0.97,0.97,-0.1272,0.0134,0.22514,0.84,1,0.3415,9.0,1294.96774,5,0.42,-0.23,0.058,0.42,0.23,0.058,-0.1272,0.0134,0.11014
51.5,slip_recovery_lift,amber_capsule,capsule,7,amber_capsule_to_inspection_slot,amber_capsule_to_inspection_slot,behavior_cloned_tactile_policy,0.97,0.97,-0.1272,0.0134,0.24169,0.84,1,0.3563,9.0,1294.89788,5,0.42,-0.23,0.058,0.42,0.23,0.058,-0.1272,0.0134,0.12669
51.6667,slip_recovery_lift,amber_capsule,capsule,7,amber_capsule_to_inspection_slot,amber_capsule_to_inspection_slot,behavior_cloned_tactile_policy,0.97,0.97,-0.1272,0.0134,0.2571,0.84,1,0.36,9.0,1294.82917,5,0.42,-0.23,0.058,0.42,0.23,0.058,-0.1272,0.0134,0.1421
51.8333,slip_recovery_lift,amber_capsule,capsule,7,amber_capsule_to_inspection_slot,amber_capsule_to_inspection_slot,behavior_cloned_tactile_policy,0.97,0.97,-0.1272,0.0134,0.27083,0.84,1,0.36,9.0,1294.7616,5,0.42,-0.23,0.058,0.42,0.23,0.058,-0.1272,0.0134,0.15583
52.0,slip_recovery_lift,amber_capsule,capsule,7,amber_capsule_to_inspection_slot,amber_capsule_to_inspection_slot,behavior_cloned_tactile_policy,0.97,0.97,-0.1272,0.0134,0.28243,0.84,1,0.36,9.0,1294.69522,5,0.42,-0.23,0.058,0.42,0.23,0.058,-0.1272,0.0134,0.16743
52.1667,slip_recovery_lift,amber_capsule,capsule,7,amber_capsule_to_inspection_slot,amber_capsule_to_inspection_slot,behavior_cloned_tactile_policy,0.97,0.97,-0.1272,0.0134,0.2916,0.84,1,0.36,9.0,1294.63019,5,0.42,-0.23,0.058,0.42,0.23,0.058,-0.1272,0.0134,0.1766
52.3333,slip_recovery_lift,amber_capsule,capsule,7,amber_capsule_to_inspection_slot,amber_capsule_to_inspection_slot,behavior_cloned_tactile_policy,0.97,0.97,-0.1272,0.0134,0.29822,0.84,1,0.36,9.0,1294.56671,5,0.42,-0.23,0.058,0.42,0.23,0.058,-0.1272,0.0134,0.18322
52.5,slip_recovery_lift,amber_capsule,capsule,7,amber_capsule_to_inspection_slot,amber_capsule_to_inspection_slot,behavior_cloned_tactile_policy,0.97,0.97,-0.1272,0.0134,0.30238,0.84,1,0.36,9.0,1294.50509,5,0.42,-0.23,0.058,0.42,0.23,0.058,-0.1272,0.0134,0.18738
52.6667,slip_recovery_lift,amber_capsule,capsule,7,amber_capsule_to_inspection_slot,amber_capsule_to_inspection_slot,behavior_cloned_tactile_policy,0.97,0.97,-0.1272,0.0134,0.30442,0.84,1,0.36,9.0,1294.44571,5,0.42,-0.23,0.058,0.42,0.23,0.058,-0.1272,0.0134,0.18942
52.8333,slip_recovery_lift,amber_capsule,capsule,7,amber_capsule_to_inspection_slot,amber_capsule_to_inspection_slot,behavior_cloned_tactile_policy,0.97,0.97,-0.1272,0.0134,0.30498,0.84,1,0.36,9.0,1294.38901,5,0.42,-0.23,0.058,0.42,0.23,0.058,-0.1272,0.0134,0.18998
53.0,minimum_jerk_transport,amber_capsule,capsule,7,amber_capsule_to_inspection_slot,amber_capsule_to_inspection_slot,behavior_cloned_tactile_policy,0.97,0.97,-0.12717,0.0134,0.305,0.84,1,0.36,9.0,1294.3347,5,0.42,-0.23,0.058,0.42,0.23,0.058,-0.12717,0.0134,0.19
53.1667,minimum_jerk_transport,amber_capsule,capsule,7,amber_capsule_to_inspection_slot,amber_capsule_to_inspection_slot,behavior_cloned_tactile_policy,0.97,0.97,-0.12654,0.01338,0.30502,0.84,1,0.36,9.0,1294.26855,5,0.42,-0.23,0.058,0.42,0.23,0.058,-0.12654,0.01338,0.19002
53.3333,minimum_jerk_transport,amber_capsule,capsule,7,amber_capsule_to_inspection_slot,amber_capsule_to_inspection_slot,behavior_cloned_tactile_policy,0.97,0.97,-0.12442,0.01333,0.30508,0.84,1,0.36,9.0,1294.16705,5,0.42,-0.23,0.058,0.42,0.23,0.058,-0.12442,0.01333,0.19008
53.5,minimum_jerk_transport,amber_capsule,capsule,7,amber_capsule_to_inspection_slot,amber_capsule_to_inspection_slot,behavior_cloned_tactile_policy,0.97,0.97,-0.1201,0.01323,0.30519,0.84,1,0.36,9.0,1294.01255,5,0.42,-0.23,0.058,0.42,0.23,0.058,-0.1201,0.01323,0.19019
53.6667,minimum_jerk_transport,amber_capsule,capsule,7,amber_capsule_to_inspection_slot,amber_capsule_to_inspection_slot,behavior_cloned_tactile_policy,0.97,0.97,-0.11305,0.01305,0.30539,0.84,1,0.36,9.0,1293.79334,5,0.42,-0.23,0.058,0.42,0.23,0.058,-0.11305,0.01305,0.19039
53.8333,minimum_jerk_transport,amber_capsule,capsule,7,amber_capsule_to_inspection_slot,amber_capsule_to_inspection_slot,behavior_cloned_tactile_policy,0.97,0.97,-0.10293,0.01281,0.30567,0.84,1,0.36,9.0,1293.50272,5,0.42,-0.23,0.058,0.42,0.23,0.058,-0.10293,0.01281,0.19067
54.0,minimum_jerk_transport,amber_capsule,capsule,7,amber_capsule_to_inspection_slot,amber_capsule_to_inspection_slot,behavior_cloned_tactile_policy,0.97,0.97,-0.08953,0.01248,0.30603,0.84,1,0.36,9.0,1293.14312,5,0.42,-0.23,0.058,0.42,0.23,0.058,-0.08953,0.01248,0.19103
54.1667,minimum_jerk_transport,amber_capsule,capsule,7,amber_capsule_to_inspection_slot,amber_capsule_to_inspection_slot,behavior_cloned_tactile_policy,0.97,0.97,-0.07279,0.01207,0.30649,0.84,1,0.36,9.0,1292.70635,5,0.42,-0.23,0.058,0.42,0.23,0.058,-0.07279,0.01207,0.19149
54.3333,minimum_jerk_transport,amber_capsule,capsule,7,amber_capsule_to_inspection_slot,amber_capsule_to_inspection_slot,behavior_cloned_tactile_policy,0.97,0.97,-0.05278,0.01158,0.30704,0.84,1,0.36,9.0,1292.20215,5,0.42,-0.23,0.058,0.42,0.23,0.058,-0.05278,0.01158,0.19204
54.5,minimum_jerk_transport,amber_capsule,capsule,7,amber_capsule_to_inspection_slot,amber_capsule_to_inspection_slot,behavior_cloned_tactile_policy,0.97,0.97,-0.02969,0.01101,0.30767,0.84,1,0.36,9.0,1291.63808,5,0.42,-0.23,0.058,0.42,0.23,0.058,-0.02969,0.01101,0.19267
54.6667,minimum_jerk_transport,amber_capsule,capsule,7,amber_capsule_to_inspection_slot,amber_capsule_to_inspection_slot,behavior_cloned_tactile_policy,0.97,0.97,-0.00378,0.01038,0.30838,0.84,1,0.36,9.0,1291.02399,5,0.42,-0.23,0.058,0.42,0.23,0.058,-0.00378,0.01038,0.19338
54.8333,minimum_jerk_transport,amber_capsule,capsule,7,amber_capsule_to_inspection_slot,amber_capsule_to_inspection_slot,behavior_cloned_tactile_policy,0.97,0.97,0.02457,0.00968,0.30916,0.84,1,0.36,9.0,1290.37151,5,0.42,-0.23,0.058,0.42,0.23,0.058,0.02457,0.00968,0.19416
55.0,minimum_jerk_transport,amber_capsule,capsule,7,amber_capsule_to_inspection_slot,amber_capsule_to_inspection_slot,behavior_cloned_tactile_policy,0.97,0.97,0.05494,0.00894,0.30999,0.84,1,0.36,9.0,1289.69358,5,0.42,-0.23,0.058,0.42,0.23,0.058,0.05494,0.00894,0.19499
55.1667,minimum_jerk_transport,amber_capsule,capsule,7,amber_capsule_to_inspection_slot,amber_capsule_to_inspection_slot,behavior_cloned_tactile_policy,0.97,0.97,0.08683,0.00816,0.31087,0.84,1,0.36,9.0,1289.00402,5,0.42,-0.23,0.058,0.42,0.23,0.058,0.08683,0.00816,0.19587
55.3333,minimum_jerk_transport,amber_capsule,capsule,7,amber_capsule_to_inspection_slot,amber_capsule_to_inspection_slot,behavior_cloned_tactile_policy,0.97,0.97,0.11973,0.00735,0.31177,0.84,1,0.36,9.0,1288.31708,5,0.42,-0.23,0.058,0.42,0.23,0.058,0.11973,0.00735,0.19677
55.5,minimum_jerk_transport,amber_capsule,capsule,7,amber_capsule_to_inspection_slot,amber_capsule_to_inspection_slot,behavior_cloned_tactile_policy,0.97,0.97,0.15308,0.00654,0.31268,0.84,1,0.36,9.0,1287.64699,5,0.42,-0.23,0.058,0.42,0.23,0.058,0.15308,0.00654,0.19768
55.6667,minimum_jerk_transport,amber_capsule,capsule,7,amber_capsule_to_inspection_slot,amber_capsule_to_inspection_slot,behavior_cloned_tactile_policy,0.97,0.97,0.18632,0.00572,0.31359,0.84,1,0.36,9.0,1287.00767,5,0.42,-0.23,0.058,0.42,0.23,0.058,0.18632,0.00572,0.19859
55.8333,minimum_jerk_transport,amber_capsule,capsule,7,amber_capsule_to_inspection_slot,amber_capsule_to_inspection_slot,behavior_cloned_tactile_policy,0.97,0.97,0.21888,0.00493,0.31449,0.84,1,0.36,9.0,1286.41225,5,0.42,-0.23,0.058,0.42,0.23,0.058,0.21888,0.00493,0.19949
56.0,minimum_jerk_transport,amber_capsule,capsule,7,amber_capsule_to_inspection_slot,amber_capsule_to_inspection_slot,behavior_cloned_tactile_policy,0.97,0.97,0.25022,0.00416,0.31535,0.84,1,0.36,9.0,1285.87282,5,0.42,-0.23,0.058,0.42,0.23,0.058,0.25022,0.00416,0.20035
56.1667,minimum_jerk_transport,amber_capsule,capsule,7,amber_capsule_to_inspection_slot,amber_capsule_to_inspection_slot,behavior_cloned_tactile_policy,0.97,0.97,0.27984,0.00343,0.31616,0.84,1,0.36,9.0,1285.40006,5,0.42,-0.23,0.058,0.42,0.23,0.058,0.27984,0.00343,0.20116
56.3333,minimum_jerk_transport,amber_capsule,capsule,7,amber_capsule_to_inspection_slot,amber_capsule_to_inspection_slot,behavior_cloned_tactile_policy,0.97,0.97,0.30726,0.00276,0.31691,0.84,1,0.36,9.0,1285.00294,5,0.42,-0.23,0.058,0.42,0.23,0.058,0.30726,0.00276,0.20191
56.5,minimum_jerk_transport,amber_capsule,capsule,7,amber_capsule_to_inspection_slot,amber_capsule_to_inspection_slot,behavior_cloned_tactile_policy,0.97,0.97,0.33208,0.00215,0.31759,0.84,1,0.36,9.0,1284.68847,5,0.42,-0.23,0.058,0.42,0.23,0.058,0.33208,0.00215,0.20259
56.6667,minimum_jerk_transport,amber_capsule,capsule,7,amber_capsule_to_inspection_slot,amber_capsule_to_inspection_slot,behavior_cloned_tactile_policy,0.97,0.97,0.35397,0.00162,0.31819,0.84,1,0.36,9.0,1284.46142,5,0.42,-0.23,0.058,0.42,0.23,0.058,0.35397,0.00162,0.20319
56.8333,minimum_jerk_transport,amber_capsule,capsule,7,amber_capsule_to_inspection_slot,amber_capsule_to_inspection_slot,behavior_cloned_tactile_policy,0.97,0.97,0.37268,0.00116,0.3187,0.84,1,0.3588,9.0,1284.32405,5,0.42,-0.23,0.058,0.42,0.23,0.058,0.37268,0.00116,0.2037
57.0,minimum_jerk_transport,amber_capsule,capsule,7,amber_capsule_to_inspection_slot,amber_capsule_to_inspection_slot,behavior_cloned_tactile_policy,0.97,0.97,0.38809,0.00078,0.31913,0.84,1,0.3501,9.0,1284.27593,5,0.42,-0.23,0.058,0.42,0.23,0.058,0.38809,0.00078,0.20413
57.1667,minimum_jerk_transport,amber_capsule,capsule,7,amber_capsule_to_inspection_slot,amber_capsule_to_inspection_slot,behavior_cloned_tactile_policy,0.97,0.97,0.40016,0.00049,0.31946,0.84,1,0.3341,9.0,1284.31365,5,0.42,-0.23,0.058,0.42,0.23,0.058,0.40016,0.00049,0.20446
57.3333,minimum_jerk_transport,amber_capsule,capsule,7,amber_capsule_to_inspection_slot,amber_capsule_to_inspection_slot,behavior_cloned_tactile_policy,0.97,0.97,0.40902,0.00027,0.3197,0.84,1,0.3119,9.0,1284.43066,5,0.42,-0.23,0.058,0.42,0.23,0.058,0.40902,0.00027,0.2047
57.5,minimum_jerk_transport,amber_capsule,capsule,7,amber_capsule_to_inspection_slot,amber_capsule_to_inspection_slot,behavior_cloned_tactile_policy,0.97,0.97,0.41493,0.00012,0.31986,0.84,1,0.2848,9.0,1284.61703,5,0.42,-0.23,0.058,0.42,0.23,0.058,0.41493,0.00012,0.20486
57.6667,minimum_jerk_transport,amber_capsule,capsule,7,amber_capsule_to_inspection_slot,amber_capsule_to_inspection_slot,behavior_cloned_tactile_policy,0.97,0.97,0.41829,4e-05,0.31995,0.84,1,0.2539,9.0,1284.85922,5,0.42,-0.23,0.058,0.42,0.23,0.058,0.41829,4e-05,0.20495
57.8333,minimum_jerk_transport,amber_capsule,capsule,7,amber_capsule_to_inspection_slot,amber_capsule_to_inspection_slot,behavior_cloned_tactile_policy,0.97,0.97,0.41972,1e-05,0.31999,0.84,1,0.2205,9.0,1285.13993,5,0.42,-0.23,0.058,0.42,0.23,0.058,0.41972,1e-05,0.20499
58.0,minimum_jerk_transport,amber_capsule,capsule,7,amber_capsule_to_inspection_slot,amber_capsule_to_inspection_slot,behavior_cloned_tactile_policy,0.97,0.97,0.42,0.0,0.32,0.84,1,0.1856,9.0,1285.43782,5,0.42,-0.23,0.058,0.42,0.23,0.058,0.42,0.0,0.205
58.1667,place_into_bin,amber_capsule,capsule,7,amber_capsule_to_inspection_slot,amber_capsule_to_inspection_slot,behavior_cloned_tactile_policy,0.97,0.97,0.42,0.0,0.31971,0.84,1,0.1506,9.0,1285.73036,5,0.42,-0.23,0.058,0.42,0.23,0.058,0.42,0.0,0.20471
58.3333,place_into_bin,amber_capsule,capsule,7,amber_capsule_to_inspection_slot,amber_capsule_to_inspection_slot,behavior_cloned_tactile_policy,0.97,0.97,0.42,0.0,0.31722,0.84,1,0.1166,9.0,1286.01007,5,0.42,-0.23,0.058,0.42,0.23,0.058,0.42,0.0,0.20222
58.5,place_into_bin,amber_capsule,capsule,7,amber_capsule_to_inspection_slot,amber_capsule_to_inspection_slot,behavior_cloned_tactile_policy,0.97,0.97,0.42,0.0,0.31084,0.84,1,0.0847,9.0,1286.27413,5,0.42,-0.23,0.058,0.42,0.23,0.058,0.42,0.0,0.19584
58.6667,place_into_bin,amber_capsule,capsule,7,amber_capsule_to_inspection_slot,amber_capsule_to_inspection_slot,behavior_cloned_tactile_policy,0.97,0.97,0.42,0.0,0.29981,0.84,1,0.0563,9.0,1286.52415,5,0.42,-0.23,0.058,0.42,0.23,0.058,0.42,0.0,0.18481
58.8333,place_into_bin,amber_capsule,capsule,7,amber_capsule_to_inspection_slot,amber_capsule_to_inspection_slot,behavior_cloned_tactile_policy,0.97,0.97,0.42,0.0,0.28419,0.84,1,0.0324,9.0,1286.76235,5,0.42,-0.23,0.058,0.42,0.23,0.058,0.42,0.0,0.16919
59.0,place_into_bin,amber_capsule,capsule,7,amber_capsule_to_inspection_slot,amber_capsule_to_inspection_slot,behavior_cloned_tactile_policy,0.97,0.97,0.42,0.0,0.26465,0.84,1,0.0143,9.0,1286.99101,5,0.42,-0.23,0.058,0.42,0.23,0.058,0.42,0.0,0.14965
59.1667,place_into_bin,amber_capsule,capsule,7,amber_capsule_to_inspection_slot,amber_capsule_to_inspection_slot,behavior_cloned_tactile_policy,0.97,0.97,0.42,0.0,0.24234,0.84,1,0.0031,9.0,1287.21072,5,0.42,-0.23,0.058,0.42,0.23,0.058,0.42,0.0,0.12734
59.3333,place_into_bin,amber_capsule,capsule,7,amber_capsule_to_inspection_slot,amber_capsule_to_inspection_slot,behavior_cloned_tactile_policy,0.97,0.97,0.42,0.0,0.21869,0.84,1,0.0,9.0,1287.42331,5,0.42,-0.23,0.058,0.42,0.23,0.058,0.42,0.0,0.10369
59.5,place_into_bin,amber_capsule,capsule,7,amber_capsule_to_inspection_slot,amber_capsule_to_inspection_slot,behavior_cloned_tactile_policy,0.97,0.97,0.42,0.0,0.1953,0.84,1,0.0,9.0,1287.62992,5,0.42,-0.23,0.058,0.42,0.23,0.058,0.42,0.0,0.0803
59.6667,place_into_bin,amber_capsule,capsule,7,amber_capsule_to_inspection_slot,amber_capsule_to_inspection_slot,behavior_cloned_tactile_policy,0.97,0.97,0.42,0.0,0.17373,0.84,1,0.0,9.0,1287.83124,5,0.42,-0.23,0.058,0.42,0.23,0.058,0.42,0.0,0.05873
59.8333,place_into_bin,amber_capsule,capsule,7,amber_capsule_to_inspection_slot,amber_capsule_to_inspection_slot,behavior_cloned_tactile_policy,0.97,0.97,0.42,0.0,0.15534,0.84,1,0.0,9.0,1288.02761,5,0.42,-0.23,0.058,0.42,0.23,0.058,0.42,0.0,0.058
60.0,place_into_bin,amber_capsule,capsule,7,amber_capsule_to_inspection_slot,amber_capsule_to_inspection_slot,behavior_cloned_tactile_policy,0.97,0.97,0.42,0.0,0.14114,0.84,1,0.0,9.0,1288.21905,5,0.42,-0.23,0.058,0.42,0.23,0.058,0.42,0.0,0.058
60.1667,place_into_bin,amber_capsule,capsule,7,amber_capsule_to_inspection_slot,amber_capsule_to_inspection_slot,behavior_cloned_tactile_policy,0.97,0.97,0.42,0.0,0.13163,0.84,1,0.0,9.0,1288.40521,5,0.42,-0.23,0.058,0.42,0.23,0.058,0.42,0.0,0.058
60.3333,place_into_bin,amber_capsule,capsule,7,amber_capsule_to_inspection_slot,amber_capsule_to_inspection_slot,behavior_cloned_tactile_policy,0.97,0.97,0.42,0.0,0.12662,0.84,1,0.0,9.0,1288.58542,5,0.42,-0.23,0.058,0.42,0.23,0.058,0.42,0.0,0.058
60.5,place_into_bin,amber_capsule,capsule,7,amber_capsule_to_inspection_slot,amber_capsule_to_inspection_slot,behavior_cloned_tactile_policy,0.97,0.97,0.42,0.0,0.12507,0.84,1,0.0,9.0,1288.75866,5,0.42,-0.23,0.058,0.42,0.23,0.058,0.42,0.0,0.058
60.6667,release_and_verify,amber_capsule,capsule,7,amber_capsule_to_inspection_slot,amber_capsule_to_inspection_slot,behavior_cloned_tactile_policy,0.97,0.97,0.42,0.0,0.125,0.83923,1,0.0,9.0,1287.29634,5,0.42,-0.23,0.058,0.42,0.23,0.058,0.42,0.0,0.058
60.8333,release_and_verify,amber_capsule,capsule,7,amber_capsule_to_inspection_slot,amber_capsule_to_inspection_slot,behavior_cloned_tactile_policy,0.97,0.97,0.42,0.0,0.125,0.82078,1,0.0,9.0,1248.32939,5,0.42,-0.23,0.058,0.42,0.23,0.058,0.42,0.0,0.058
61.0,release_and_verify,amber_capsule,capsule,7,amber_capsule_to_inspection_slot,amber_capsule_to_inspection_slot,behavior_cloned_tactile_policy,0.97,0.97,0.42,0.0,0.125,0.76364,1,0.0,9.0,1127.44915,5,0.42,-0.23,0.058,0.42,0.23,0.058,0.42,0.0,0.058
61.1667,release_and_verify,amber_capsule,capsule,7,amber_capsule_to_inspection_slot,amber_capsule_to_inspection_slot,behavior_cloned_tactile_policy,0.97,0.97,0.42,0.0,0.125,0.66431,1,0.0,9.0,917.65573,5,0.42,-0.23,0.058,0.42,0.23,0.058,0.42,0.0,0.058
61.3333,release_and_verify,amber_capsule,capsule,7,amber_capsule_to_inspection_slot,amber_capsule_to_inspection_slot,behavior_cloned_tactile_policy,0.97,0.97,0.42,0.0,0.125,0.53278,1,0.0,9.0,641.50158,5,0.42,-0.23,0.058,0.42,0.23,0.058,0.42,0.0,0.058
61.5,release_and_verify,amber_capsule,capsule,7,amber_capsule_to_inspection_slot,amber_capsule_to_inspection_slot,behavior_cloned_tactile_policy,0.97,0.97,0.42,0.0,0.125,0.38744,0,0.0,9.0,358.18436,5,0.42,-0.23,0.058,0.42,0.23,0.058,0.42022,-1e-05,0.07769
61.6667,release_and_verify,amber_capsule,capsule,7,amber_capsule_to_inspection_slot,amber_capsule_to_inspection_slot,behavior_cloned_tactile_policy,0.97,0.97,0.42,0.0,0.125,0.24995,0,0.0,9.0,65.96688,5,0.42,-0.23,0.058,0.42,0.23,0.058,0.42,0.0,0.058
61.8333,release_and_verify,amber_capsule,capsule,7,amber_capsule_to_inspection_slot,amber_capsule_to_inspection_slot,behavior_cloned_tactile_policy,0.97,0.97,0.42,0.0,0.125,0.14014,0,0.0,9.0,0.0,0,0.42,-0.23,0.058,0.42,0.23,0.058,0.42,0.0,0.058
62.0,release_and_verify,amber_capsule,capsule,7,amber_capsule_to_inspection_slot,amber_capsule_to_inspection_slot,behavior_cloned_tactile_policy,0.97,0.97,0.42,0.0,0.125,0.07087,0,0.0,9.0,0.0,0,0.42,-0.23,0.058,0.42,0.23,0.058,0.42,0.0,0.058
62.1667,release_and_verify,amber_capsule,capsule,7,amber_capsule_to_inspection_slot,amber_capsule_to_inspection_slot,behavior_cloned_tactile_policy,0.97,0.97,0.42,0.0,0.125,0.04292,0,0.0,9.0,0.0,0,0.42,-0.23,0.058,0.42,0.23,0.058,0.42,0.0,0.058
62.3333,retreat_after_release,amber_capsule,capsule,7,amber_capsule_to_inspection_slot,amber_capsule_to_inspection_slot,behavior_cloned_tactile_policy,0.97,0.97,0.42,0.0,0.12502,0.04,0,0.0,9.0,0.0,0,0.42,-0.23,0.058,0.42,0.23,0.058,0.42,0.0,0.058
62.5,retreat_after_release,amber_capsule,capsule,7,amber_capsule_to_inspection_slot,amber_capsule_to_inspection_slot,behavior_cloned_tactile_policy,0.97,0.97,0.42,0.0,0.12786,0.04,0,0.0,9.0,0.0,0,0.42,-0.23,0.058,0.42,0.23,0.058,0.42,0.0,0.058
62.6667,retreat_after_release,amber_capsule,capsule,7,amber_capsule_to_inspection_slot,amber_capsule_to_inspection_slot,behavior_cloned_tactile_policy,0.97,0.97,0.42,0.0,0.1393,0.04,0,0.0,9.0,0.0,0,0.42,-0.23,0.058,0.42,0.23,0.058,0.42,0.0,0.058
62.8333,retreat_after_release,amber_capsule,capsule,7,amber_capsule_to_inspection_slot,amber_capsule_to_inspection_slot,behavior_cloned_tactile_policy,0.97,0.97,0.42,0.0,0.16116,0.04,0,0.0,9.0,0.0,0,0.42,-0.23,0.058,0.42,0.23,0.058,0.42,0.0,0.058
63.0,retreat_after_release,amber_capsule,capsule,7,amber_capsule_to_inspection_slot,amber_capsule_to_inspection_slot,behavior_cloned_tactile_policy,0.97,0.97,0.42,0.0,0.19169,0.04,0,0.0,9.0,0.0,0,0.42,-0.23,0.058,0.42,0.23,0.058,0.42,0.0,0.058
63.1667,retreat_after_release,amber_capsule,capsule,7,amber_capsule_to_inspection_slot,amber_capsule_to_inspection_slot,behavior_cloned_tactile_policy,0.97,0.97,0.42,0.0,0.22678,0.04,0,0.0,9.0,0.0,0,0.42,-0.23,0.058,0.42,0.23,0.058,0.42,0.0,0.058
63.3333,retreat_after_release,amber_capsule,capsule,7,amber_capsule_to_inspection_slot,amber_capsule_to_inspection_slot,behavior_cloned_tactile_policy,0.97,0.97,0.42,0.0,0.26123,0.04,0,0.0,9.0,0.0,0,0.42,-0.23,0.058,0.42,0.23,0.058,0.42,0.0,0.058
63.5,retreat_after_release,amber_capsule,capsule,7,amber_capsule_to_inspection_slot,amber_capsule_to_inspection_slot,behavior_cloned_tactile_policy,0.97,0.97,0.42,0.0,0.28999,0.04,0,0.0,9.0,0.0,0,0.42,-0.23,0.058,0.42,0.23,0.058,0.42,0.0,0.058
63.6667,retreat_after_release,amber_capsule,capsule,7,amber_capsule_to_inspection_slot,amber_capsule_to_inspection_slot,behavior_cloned_tactile_policy,0.97,0.97,0.42,0.0,0.3094,0.04,0,0.0,9.0,0.0,0,0.42,-0.23,0.058,0.42,0.23,0.058,0.42,0.0,0.058
63.8333,retreat_after_release,amber_capsule,capsule,7,amber_capsule_to_inspection_slot,amber_capsule_to_inspection_slot,behavior_cloned_tactile_policy,0.97,0.97,0.42,0.0,0.31844,0.04,0,0.0,9.0,0.0,0,0.42,-0.23,0.058,0.42,0.23,0.058,0.42,0.0,0.058
